npm warn Unknown project config "store-dir". This will stop working in the next major version of npm.

> safr-runtime@0.1.0 dashboard
> npm run dev --prefix apps/dashboard

npm warn Unknown env config "store-dir". This will stop working in the next major version of npm.

> @safr/dashboard@0.1.0 dev
> next dev --port 3000

   ▲ Next.js 15.5.23
   - Local:        http://localhost:3000
   - Network:      http://10.216.68.146:3000
   - Environments: .env.local

 ✓ Starting...
 ✓ Ready in 3.1s
 ✓ Compiled /middleware in 389ms (116 modules)
 ○ Compiling / ...
 ✓ Compiled / in 3.2s (620 modules)
 GET / 200 in 3919ms
 GET / 200 in 152ms
 GET / 200 in 205ms
 ○ Compiling /api/runtime/[...path] ...
 ✓ Compiled /api/runtime/[...path] in 636ms (642 modules)
 GET / 200 in 127ms
 GET /api/runtime/audit 200 in 1649ms
 GET /api/runtime/health 200 in 1655ms
 GET /api/runtime/audit 200 in 699ms
 GET /api/runtime/audit 200 in 38ms
 GET /api/runtime/audit 200 in 62ms
 GET /api/runtime/audit 200 in 86ms
 GET /api/runtime/audit 200 in 91ms
 GET /api/runtime/audit 200 in 103ms
 GET /api/runtime/audit 200 in 108ms
 GET /api/runtime/audit 200 in 47ms
 GET /api/runtime/audit 200 in 53ms
 GET /api/runtime/audit 200 in 33ms
 GET /api/runtime/health 200 in 34ms
 GET /api/runtime/audit 200 in 42ms
 GET /api/runtime/audit 200 in 38ms
 GET /api/runtime/audit 200 in 33ms
 GET /api/runtime/audit 200 in 33ms
 GET /api/runtime/audit 200 in 35ms
 GET /api/runtime/health 200 in 27ms
 GET /api/runtime/audit 200 in 23ms
 GET /api/runtime/audit 200 in 31ms
 GET /api/runtime/audit 200 in 29ms
 GET /api/runtime/audit 200 in 33ms
 GET /api/runtime/audit 200 in 38ms
 GET /api/runtime/health 200 in 35ms
 GET /api/runtime/audit 200 in 56ms
 GET /api/runtime/audit 200 in 31ms
 GET /api/runtime/audit 200 in 32ms
 GET /api/runtime/audit 200 in 42ms
 GET /api/runtime/audit 200 in 30ms
 GET /api/runtime/health 200 in 28ms
 GET /api/runtime/audit 200 in 42ms
 GET /api/runtime/audit 200 in 34ms
 GET /api/runtime/audit 200 in 27ms
 GET /api/runtime/audit 200 in 35ms
 GET /api/runtime/health 200 in 33ms
 GET /api/runtime/audit 200 in 48ms
 GET /api/runtime/audit 200 in 31ms
 GET /api/runtime/audit 200 in 34ms
 GET /api/runtime/audit 200 in 31ms
 GET /api/runtime/audit 200 in 30ms
 GET /api/runtime/health 200 in 26ms
 GET /api/runtime/audit 200 in 39ms
 GET /api/runtime/audit 200 in 33ms
 GET /api/runtime/audit 200 in 29ms
 GET /api/runtime/audit 200 in 34ms
 GET /api/runtime/audit 200 in 31ms
 GET /api/runtime/health 200 in 43ms
 GET /api/runtime/audit 200 in 27ms
 GET /api/runtime/audit 200 in 37ms
 GET /api/runtime/audit 200 in 32ms
 GET /api/runtime/audit 200 in 31ms
 GET /api/runtime/audit 200 in 33ms
 GET /api/runtime/health 200 in 30ms
 GET /api/runtime/audit 200 in 47ms
 GET /api/runtime/audit 200 in 33ms
 GET /api/runtime/audit 200 in 28ms
 GET /api/runtime/audit 200 in 32ms
 GET /api/runtime/audit 200 in 33ms
 GET /api/runtime/health 200 in 26ms
 GET /api/runtime/audit 200 in 41ms
 GET /api/runtime/audit 200 in 40ms
 GET /api/runtime/audit 200 in 28ms
 GET /api/runtime/audit 200 in 36ms
 GET /api/runtime/health 200 in 27ms
 GET /api/runtime/audit 200 in 36ms
 GET /api/runtime/audit 200 in 34ms
 GET /api/runtime/audit 200 in 29ms
 GET /api/runtime/audit 200 in 31ms
 GET /api/runtime/health 200 in 27ms
 GET /api/runtime/audit 200 in 46ms
 GET /api/runtime/audit 200 in 34ms
 GET /api/runtime/audit 200 in 30ms
 GET /api/runtime/audit 200 in 36ms
 GET /api/runtime/health 200 in 30ms
 GET /api/runtime/audit 200 in 43ms
 GET /api/runtime/audit 200 in 32ms
 GET /api/runtime/audit 200 in 35ms
 GET /api/runtime/audit 200 in 39ms
 GET /api/runtime/audit 200 in 35ms
 GET /api/runtime/health 200 in 42ms
 GET /api/runtime/audit 200 in 34ms
 GET /api/runtime/audit 200 in 39ms
 GET /api/runtime/audit 200 in 38ms
 GET /api/runtime/audit 200 in 30ms
 GET /api/runtime/health 200 in 39ms
 GET /api/runtime/audit 200 in 50ms
 GET /api/runtime/audit 200 in 39ms
 GET /api/runtime/audit 200 in 30ms
 GET /api/runtime/audit 200 in 36ms
 GET /api/runtime/audit 200 in 31ms
 GET /api/runtime/health 200 in 28ms
 GET /api/runtime/audit 200 in 46ms
 GET /api/runtime/audit 200 in 36ms
 GET /api/runtime/audit 200 in 37ms
 GET /api/runtime/audit 200 in 31ms
 GET /api/runtime/audit 200 in 44ms
 GET /api/runtime/health 200 in 27ms
 GET /api/runtime/audit 200 in 15ms
 GET /api/runtime/audit 200 in 37ms
 GET /api/runtime/audit 200 in 32ms
 GET /api/runtime/audit 200 in 31ms
 GET /api/runtime/audit 200 in 33ms
 GET /api/runtime/health 200 in 26ms
 GET /api/runtime/audit 200 in 21ms
 GET /api/runtime/audit 200 in 32ms
 ○ Compiling /escalations ...
 ✓ Compiled /escalations in 724ms (635 modules)
 GET /api/runtime/audit 200 in 744ms
 GET /escalations 200 in 934ms
 GET /api/runtime/audit/stream 200 in 90959ms
 ✓ Compiled /api/escalations in 302ms (638 modules)
 GET /api/escalations 200 in 376ms
 GET /api/escalations 200 in 380ms
 GET /api/escalations 200 in 12ms
 GET /api/escalations 200 in 15ms
 GET /api/runtime/health 200 in 36ms
 GET /api/escalations 200 in 12ms
 GET /api/escalations 200 in 16ms
 GET /api/escalations 200 in 15ms
 GET /api/escalations 200 in 14ms
 GET /api/escalations 200 in 13ms
 GET /api/runtime/health 200 in 33ms
 GET /api/escalations 200 in 15ms
 GET /api/escalations 200 in 15ms
 GET /api/escalations 200 in 13ms
 GET /api/escalations 200 in 14ms
 GET /api/escalations 200 in 19ms
 GET /api/runtime/health 200 in 42ms
 GET /api/escalations 200 in 14ms
 GET /api/escalations 200 in 14ms
 GET /api/escalations 200 in 16ms
 GET /api/escalations 200 in 15ms
 GET /api/escalations 200 in 42ms
 GET /api/runtime/health 200 in 45ms
 GET /api/escalations 200 in 19ms
 GET /api/escalations 200 in 13ms
 GET /api/escalations 200 in 16ms
 GET /api/escalations 200 in 56ms
 GET /api/runtime/health 200 in 57ms
 GET /api/escalations 200 in 20ms
 GET /api/escalations 200 in 13ms
 GET /api/escalations 200 in 14ms
 GET /api/escalations 200 in 21ms
 GET /api/escalations 200 in 35ms
 GET /api/runtime/health 200 in 43ms
 GET /api/escalations 200 in 13ms
 GET /api/escalations 200 in 15ms
 GET /api/escalations 200 in 14ms
 GET /api/escalations 200 in 14ms
 GET /api/escalations 200 in 35ms
 GET /api/runtime/health 200 in 40ms
 GET /api/escalations 200 in 15ms
 GET /api/escalations 200 in 15ms
 GET /api/escalations 200 in 16ms
 GET /api/escalations 200 in 20ms
 GET /api/escalations 200 in 33ms
 GET /api/runtime/health 200 in 35ms
 GET /api/escalations 200 in 11ms
 GET /api/escalations 200 in 12ms
 GET /api/escalations 200 in 12ms
 GET /api/escalations 200 in 12ms
 GET /api/escalations 200 in 35ms
 GET /api/runtime/health 200 in 37ms
 GET /api/escalations 200 in 11ms
 GET /api/escalations 200 in 12ms
 GET /api/escalations 200 in 15ms
 GET /api/escalations 200 in 12ms
 GET /api/escalations 200 in 38ms
 GET /api/runtime/health 200 in 39ms
 GET /api/escalations 200 in 12ms
 GET /api/escalations 200 in 15ms
 GET /api/escalations 200 in 14ms
 GET /api/escalations 200 in 13ms
 GET /api/escalations 200 in 35ms
 GET /api/runtime/health 200 in 37ms
 GET /api/escalations 200 in 17ms
 GET /api/escalations 200 in 12ms
 GET /api/escalations 200 in 15ms
 GET /api/escalations 200 in 33ms
 GET /api/runtime/health 200 in 36ms
 GET /api/escalations 200 in 16ms
 GET /api/escalations 200 in 12ms
 GET /api/escalations 200 in 10ms
 GET /api/escalations 200 in 12ms
 GET /api/escalations 200 in 36ms
 GET /api/runtime/health 200 in 38ms
 GET /api/escalations 200 in 12ms
 GET /api/escalations 200 in 11ms
 GET /api/escalations 200 in 15ms
 GET /api/escalations 200 in 15ms
 GET /api/escalations 200 in 37ms
 GET /api/runtime/health 200 in 40ms
 GET /api/escalations 200 in 16ms
 GET /api/escalations 200 in 13ms
 GET /api/escalations 200 in 13ms
 GET /api/escalations 200 in 14ms
 GET /api/runtime/health 200 in 29ms
 GET /api/escalations 200 in 14ms
 GET /api/escalations 200 in 11ms
 GET /api/escalations 200 in 12ms
 GET /api/escalations 200 in 40ms
 GET /api/runtime/health 200 in 41ms
 GET /api/escalations 200 in 21ms
 GET /api/escalations 200 in 13ms
 GET /api/escalations 200 in 15ms
 GET /api/escalations 200 in 14ms
 GET /api/escalations 200 in 40ms
 GET /api/runtime/health 200 in 43ms
 GET /api/escalations 200 in 12ms
 GET /api/escalations 200 in 12ms
 GET /api/escalations 200 in 13ms
 GET /api/escalations 200 in 16ms
 GET /api/escalations 200 in 37ms
 GET /api/runtime/health 200 in 41ms
 GET /api/escalations 200 in 11ms
 GET /api/escalations 200 in 12ms
 GET /api/escalations 200 in 15ms
 GET /api/runtime/health 200 in 30ms
 GET /api/escalations 200 in 12ms
 GET /api/escalations 200 in 13ms
 GET /api/escalations 200 in 18ms
 GET /api/escalations 200 in 40ms
 GET /api/runtime/health 200 in 41ms
 GET /api/escalations 200 in 14ms
 GET /api/escalations 200 in 11ms
 GET /api/escalations 200 in 14ms
 GET /api/escalations 200 in 12ms
 GET /api/escalations 200 in 36ms
 GET /api/runtime/health 200 in 38ms
 GET /api/escalations 200 in 14ms
 GET /api/escalations 200 in 11ms
 GET /api/escalations 200 in 18ms
 GET /api/escalations 200 in 13ms
 GET /api/escalations 200 in 37ms
 GET /api/runtime/health 200 in 40ms
 GET /api/escalations 200 in 18ms
 GET /api/escalations 200 in 16ms
 GET /api/escalations 200 in 17ms
 GET /api/escalations 200 in 13ms
 GET /api/escalations 200 in 36ms
 GET /api/runtime/health 200 in 39ms
 GET /api/escalations 200 in 13ms
 GET /api/escalations 200 in 14ms
 GET /api/escalations 200 in 14ms
 GET /api/runtime/health 200 in 29ms
 GET /api/escalations 200 in 12ms
 GET /api/escalations 200 in 15ms
 GET /api/escalations 200 in 14ms
 GET /api/escalations 200 in 13ms
 GET /api/escalations 200 in 39ms
 GET /api/runtime/health 200 in 43ms
 GET /api/escalations 200 in 13ms
 GET /api/escalations 200 in 12ms
 GET /api/escalations 200 in 15ms
 GET /api/escalations 200 in 12ms
 GET /api/escalations 200 in 46ms
 GET /api/runtime/health 200 in 49ms
 GET /api/escalations 200 in 12ms
 GET /api/escalations 200 in 20ms
 GET /api/escalations 200 in 13ms
 GET /api/escalations 200 in 17ms
 GET /api/runtime/health 200 in 41ms
 GET /api/escalations 200 in 11ms
 GET /api/escalations 200 in 19ms
 GET /api/escalations 200 in 11ms
 GET /api/runtime/health 200 in 30ms
 GET /api/escalations 200 in 14ms
 GET /api/escalations 200 in 12ms
 GET /api/escalations 200 in 12ms
 GET /api/escalations 200 in 12ms
 GET /api/escalations 200 in 40ms
 GET /api/runtime/health 200 in 41ms
 GET /api/escalations 200 in 12ms
 GET /api/escalations 200 in 16ms
 GET /api/escalations 200 in 13ms
 GET /api/escalations 200 in 15ms
 GET /api/escalations 200 in 53ms
 GET /api/runtime/health 200 in 51ms
 GET /api/escalations 200 in 12ms
 GET /api/escalations 200 in 16ms
 GET /api/escalations 200 in 11ms
 GET /api/runtime/health 200 in 30ms
 GET /api/escalations 200 in 12ms
 GET /api/escalations 200 in 12ms
 GET /api/escalations 200 in 13ms
 GET /api/escalations 200 in 15ms
 GET /api/escalations 200 in 35ms
 GET /api/runtime/health 200 in 38ms
 GET /api/escalations 200 in 13ms
 GET /api/escalations 200 in 13ms
 GET /api/escalations 200 in 15ms
 GET /api/escalations 200 in 13ms
 GET /api/escalations 200 in 34ms
 GET /api/runtime/health 200 in 36ms
 GET /api/escalations 200 in 12ms
 GET /api/escalations 200 in 13ms
 GET /api/escalations 200 in 12ms
 GET /api/escalations 200 in 13ms
 GET /api/escalations 200 in 41ms
 GET /api/runtime/health 200 in 45ms
 GET /api/escalations 200 in 13ms
 GET /api/escalations 200 in 13ms
 GET /api/escalations 200 in 13ms
 GET /api/escalations 200 in 14ms
 GET /api/escalations 200 in 23ms
 GET /api/runtime/health 200 in 47ms
 GET /api/escalations 200 in 12ms
 GET /api/escalations 200 in 11ms
 GET /api/escalations 200 in 11ms
 GET /api/escalations 200 in 13ms
 GET /api/runtime/health 200 in 27ms
 GET /api/escalations 200 in 37ms
 GET /api/escalations 200 in 12ms
 GET /api/escalations 200 in 12ms
 GET /api/escalations 200 in 13ms
 GET /api/escalations 200 in 12ms
 GET /api/escalations 200 in 37ms
 GET /api/runtime/health 200 in 39ms
 GET /api/escalations 200 in 16ms
 GET /api/escalations 200 in 13ms
 GET /api/escalations 200 in 14ms
 GET /api/escalations 200 in 12ms
 GET /api/escalations 200 in 36ms
 GET /api/runtime/health 200 in 37ms
 GET /api/escalations 200 in 14ms
 GET /api/escalations 200 in 13ms
 GET /api/escalations 200 in 13ms
 GET /api/escalations 200 in 12ms
 GET /api/escalations 200 in 34ms
 GET /api/runtime/health 200 in 36ms
 GET /api/escalations 200 in 15ms
 GET /api/escalations 200 in 14ms
 GET /api/escalations 200 in 13ms
 GET /api/escalations 200 in 54ms
 GET /api/runtime/health 200 in 57ms
 GET /api/escalations 200 in 12ms
 GET /api/escalations 200 in 12ms
 GET /api/escalations 200 in 15ms
 GET /api/escalations 200 in 14ms
 GET /api/escalations 200 in 38ms
 GET /api/runtime/health 200 in 42ms
 GET /api/escalations 200 in 12ms
 GET /api/escalations 200 in 14ms
 GET /api/escalations 200 in 12ms
 GET /api/escalations 200 in 34ms
 GET /api/runtime/health 200 in 37ms
 GET /api/escalations 200 in 13ms
 GET /api/escalations 200 in 17ms
 GET /api/escalations 200 in 15ms
 GET /api/escalations 200 in 16ms
 GET /api/escalations 200 in 36ms
 GET /api/runtime/health 200 in 39ms
 GET /api/escalations 200 in 14ms
 GET /api/escalations 200 in 13ms
 GET /api/escalations 200 in 12ms
 GET /api/escalations 200 in 14ms
 GET /api/escalations 200 in 35ms
 GET /api/runtime/health 200 in 37ms
 GET /api/escalations 200 in 12ms
 GET /api/escalations 200 in 12ms
 GET /api/escalations 200 in 15ms
 GET /api/escalations 200 in 37ms
 GET /api/runtime/health 200 in 42ms
 GET /api/escalations 200 in 12ms
 GET /api/escalations 200 in 11ms
 GET /api/escalations 200 in 16ms
 GET /api/escalations 200 in 14ms
 GET /api/escalations 200 in 38ms
 GET /api/runtime/health 200 in 37ms
 GET /api/escalations 200 in 11ms
 GET /api/escalations 200 in 15ms
 GET /api/escalations 200 in 11ms
 GET /api/escalations 200 in 13ms
 GET /api/escalations 200 in 38ms
 GET /api/runtime/health 200 in 41ms
 GET /api/escalations 200 in 18ms
 GET /api/escalations 200 in 12ms
 GET /api/escalations 200 in 13ms
 GET /api/escalations 200 in 13ms
 GET /api/runtime/health 200 in 26ms
 GET /api/escalations 200 in 11ms
 GET /api/escalations 200 in 11ms
 GET /api/escalations 200 in 13ms
 GET /api/escalations 200 in 13ms
 GET /api/escalations 200 in 38ms
 GET /api/runtime/health 200 in 40ms
 GET /api/escalations 200 in 14ms
 GET /api/escalations 200 in 12ms
 GET /api/escalations 200 in 13ms
 GET /api/escalations 200 in 14ms
 GET /api/escalations 200 in 24ms
 GET /api/runtime/health 200 in 45ms
 GET /api/escalations 200 in 14ms
 GET /api/escalations 200 in 19ms
 GET /api/escalations 200 in 12ms
 GET /api/escalations 200 in 33ms
 GET /api/runtime/health 200 in 35ms
 GET /api/escalations 200 in 11ms
 GET /api/escalations 200 in 12ms
 GET /api/escalations 200 in 12ms
 GET /api/escalations 200 in 11ms
 GET /api/escalations 200 in 40ms
 GET /api/runtime/health 200 in 41ms
 GET /api/escalations 200 in 13ms
 GET /api/escalations 200 in 12ms
 GET /api/escalations 200 in 11ms
 GET /api/escalations 200 in 32ms
 GET /api/runtime/health 200 in 35ms
 GET /api/escalations 200 in 12ms
 GET /api/escalations 200 in 11ms
 GET /api/escalations 200 in 11ms
 GET /api/escalations 200 in 13ms
 GET /api/escalations 200 in 35ms
 GET /api/runtime/health 200 in 36ms
 GET /api/escalations 200 in 20ms
 GET /api/escalations 200 in 13ms
 GET /api/escalations 200 in 14ms
 GET /api/escalations 200 in 33ms
 GET /api/runtime/health 200 in 35ms
 GET /api/escalations 200 in 11ms
 GET /api/escalations 200 in 12ms
 GET /api/escalations 200 in 29ms
 GET /api/escalations 200 in 13ms
 GET /api/escalations 200 in 36ms
 GET /api/runtime/health 200 in 42ms
 GET /api/escalations 200 in 11ms
 GET /api/escalations 200 in 12ms
 GET /api/escalations 200 in 14ms
 GET /api/escalations 200 in 12ms
 GET /api/escalations 200 in 36ms
 GET /api/runtime/health 200 in 38ms
 GET /api/escalations 200 in 13ms
 GET /api/escalations 200 in 13ms
 GET /api/escalations 200 in 12ms
 GET /api/escalations 200 in 14ms
 GET /api/escalations 200 in 17ms
 GET /api/runtime/health 200 in 40ms
 GET /api/escalations 200 in 12ms
 GET /api/escalations 200 in 13ms
 GET /api/escalations 200 in 11ms
 GET /api/escalations 200 in 33ms
 GET /api/runtime/health 200 in 35ms
 GET /api/escalations 200 in 13ms
 GET /api/escalations 200 in 13ms
 GET /api/escalations 200 in 15ms
 GET /api/escalations 200 in 36ms
 GET /api/runtime/health 200 in 38ms
 GET /api/escalations 200 in 13ms
 GET /api/escalations 200 in 13ms
 GET /api/escalations 200 in 12ms
 GET /api/escalations 200 in 58ms
 GET /api/runtime/health 200 in 43ms
 GET /api/escalations 200 in 12ms
 GET /api/escalations 200 in 14ms
 GET /api/escalations 200 in 13ms
 GET /api/escalations 200 in 13ms
 GET /api/escalations 200 in 37ms
 GET /api/runtime/health 200 in 37ms
 GET /api/escalations 200 in 14ms
 GET /api/escalations 200 in 15ms
 GET /api/escalations 200 in 13ms
 GET /api/escalations 200 in 13ms
 GET /api/escalations 200 in 34ms
 GET /api/runtime/health 200 in 36ms
 GET /api/escalations 200 in 12ms
 GET /api/escalations 200 in 13ms
 GET /api/escalations 200 in 12ms
 GET /api/escalations 200 in 15ms
 GET /api/escalations 200 in 34ms
 GET /api/runtime/health 200 in 37ms
 GET /api/escalations 200 in 13ms
 GET /api/escalations 200 in 13ms
 GET /api/escalations 200 in 14ms
 GET /api/escalations 200 in 12ms
 GET /api/escalations 200 in 35ms
 GET /api/runtime/health 200 in 40ms
 GET /api/escalations 200 in 12ms
 GET /api/escalations 200 in 18ms
 GET /api/escalations 200 in 14ms
 GET /api/escalations 200 in 47ms
 GET /api/runtime/health 200 in 49ms
 GET /api/escalations 200 in 12ms
 GET /api/escalations 200 in 18ms
 GET /api/escalations 200 in 13ms
 GET /api/escalations 200 in 35ms
 GET /api/runtime/health 200 in 37ms
 GET /api/escalations 200 in 13ms
 GET /api/escalations 200 in 15ms
 GET /api/escalations 200 in 13ms
 GET /api/escalations 200 in 15ms
 GET /api/runtime/health 200 in 31ms
 GET /api/escalations 200 in 15ms
 GET /api/escalations 200 in 14ms
 ○ Compiling /api/escalations/[actionId]/decision ...
 ✓ Compiled /api/escalations/[actionId]/decision in 517ms (641 modules)
 GET /api/escalations 200 in 27ms
 POST /api/escalations/action_d54b80e8/decision 200 in 1210ms
 GET /api/escalations 200 in 11ms
 GET /api/escalations 200 in 13ms
 GET /api/escalations 200 in 12ms
 GET / 200 in 114ms
 GET /api/runtime/audit 200 in 51ms
 GET /api/runtime/audit 200 in 64ms
 GET /api/runtime/health 200 in 12ms
 GET /api/runtime/audit 200 in 42ms
 GET /api/runtime/audit 200 in 31ms
 GET /api/runtime/audit 200 in 38ms
 GET /api/runtime/audit 200 in 32ms
 GET /api/runtime/audit 200 in 38ms
 GET /api/runtime/health 200 in 13ms
 GET /api/runtime/audit 200 in 35ms
 GET /api/runtime/audit 200 in 37ms
 GET /api/runtime/audit 200 in 32ms
 GET /api/runtime/audit 200 in 43ms
 GET /api/runtime/health 200 in 29ms
 GET /api/runtime/audit 200 in 44ms
 GET /api/runtime/audit 200 in 38ms
 GET /api/runtime/audit 200 in 51ms
 GET /api/runtime/audit 200 in 35ms
 GET /api/runtime/health 200 in 37ms
 GET /api/runtime/audit 200 in 56ms
 GET /api/runtime/audit 200 in 31ms
 GET /api/runtime/audit 200 in 50ms
 GET /api/runtime/audit 200 in 29ms
 GET /api/runtime/audit 200 in 33ms
 GET /api/runtime/health 200 in 33ms
 GET /api/runtime/audit 200 in 41ms
 GET /api/runtime/audit 200 in 33ms
 GET /api/runtime/audit 200 in 31ms
 GET /api/runtime/audit 200 in 33ms
 GET /api/runtime/health 200 in 27ms
 GET /api/runtime/audit 200 in 50ms
 GET /api/runtime/audit 200 in 34ms
 GET /api/runtime/audit 200 in 33ms
 GET /api/runtime/audit 200 in 37ms
 GET /api/runtime/health 200 in 34ms
 GET /api/runtime/audit 200 in 15ms
 GET /escalations 200 in 43ms
 GET /api/runtime/audit/stream 200 in 32237ms
 GET /api/escalations 200 in 15ms
 GET /api/escalations 200 in 25ms
 GET /api/escalations 200 in 12ms
 GET /api/escalations 200 in 10ms
 GET /api/escalations 200 in 11ms
 GET /api/escalations 200 in 12ms
 GET /api/runtime/health 200 in 33ms
 GET /api/escalations 200 in 13ms
 GET /api/escalations 200 in 16ms
 GET /api/escalations 200 in 10ms
 GET /api/escalations 200 in 13ms
 GET /api/escalations 200 in 12ms
 GET /api/runtime/health 200 in 29ms
 GET /api/escalations 200 in 12ms
 GET /api/escalations 200 in 22ms
 GET /api/escalations 200 in 13ms
 GET /api/escalations 200 in 13ms
 GET /api/escalations 200 in 11ms
 GET /api/runtime/health 200 in 24ms
 GET /api/escalations 200 in 12ms
 GET /api/escalations 200 in 12ms
 GET /api/escalations 200 in 14ms
 GET /api/escalations 200 in 15ms
 GET /api/escalations 200 in 14ms
 GET /api/runtime/health 200 in 24ms
 GET /api/escalations 200 in 14ms
 GET /api/escalations 200 in 13ms
 GET /api/escalations 200 in 31ms
 GET /api/escalations 200 in 13ms
 GET /api/escalations 200 in 11ms
 GET /api/runtime/health 200 in 27ms
 GET /api/escalations 200 in 18ms
 GET /api/escalations 200 in 13ms
 GET /api/escalations 200 in 12ms
 GET /api/escalations 200 in 12ms
 GET /api/escalations 200 in 14ms
 GET /api/runtime/health 200 in 30ms
 GET /api/escalations 200 in 17ms
 GET /api/escalations 200 in 14ms
 GET /api/escalations 200 in 15ms
 GET /api/escalations 200 in 13ms
 GET /api/escalations 200 in 11ms
 GET /api/runtime/health 200 in 30ms
 GET /api/escalations 200 in 14ms
 GET /api/escalations 200 in 14ms
 GET /api/escalations 200 in 14ms
 GET /api/escalations 200 in 12ms
 GET /api/escalations 200 in 37ms
 GET /api/runtime/health 200 in 41ms
 GET /api/escalations 200 in 12ms
 GET /api/escalations 200 in 15ms
 GET /api/escalations 200 in 12ms
 GET /api/escalations 200 in 12ms
 GET /api/escalations 200 in 35ms
 GET /api/runtime/health 200 in 37ms
 GET /api/escalations 200 in 12ms
 GET /api/escalations 200 in 14ms
 GET /api/escalations 200 in 12ms
 GET /api/escalations 200 in 38ms
 GET /api/runtime/health 200 in 37ms
 GET /api/escalations 200 in 13ms
 GET /api/escalations 200 in 12ms
 GET /api/escalations 200 in 12ms
 GET /api/escalations 200 in 13ms
 GET /api/escalations 200 in 33ms
 GET /api/runtime/health 200 in 36ms
 GET /api/escalations 200 in 15ms
 GET /api/escalations 200 in 12ms
 GET /api/escalations 200 in 13ms
 GET /api/escalations 200 in 12ms
 GET /api/escalations 200 in 32ms
 GET /api/runtime/health 200 in 34ms
 GET /api/escalations 200 in 12ms
 GET /api/escalations 200 in 36ms
 GET /api/escalations 200 in 15ms
 GET /api/escalations 200 in 34ms
 GET /api/runtime/health 200 in 38ms
 GET /api/escalations 200 in 12ms
 GET /api/escalations 200 in 11ms
 GET /api/escalations 200 in 13ms
 GET /api/escalations 200 in 11ms
 GET /api/escalations 200 in 36ms
 GET /api/runtime/health 200 in 40ms
 GET /api/escalations 200 in 11ms
 GET /api/escalations 200 in 12ms
 GET /api/escalations 200 in 12ms
 GET /api/escalations 200 in 13ms
 GET /api/escalations 200 in 34ms
 GET /api/runtime/health 200 in 36ms
 GET /api/escalations 200 in 11ms
 GET /api/escalations 200 in 11ms
 GET /api/escalations 200 in 17ms
 GET /api/escalations 200 in 17ms
 GET /api/runtime/health 200 in 42ms
 GET /api/escalations 200 in 12ms
 GET /api/escalations 200 in 13ms
 GET /api/escalations 200 in 12ms
 GET /api/escalations 200 in 12ms
 GET /api/escalations 200 in 37ms
 GET /api/runtime/health 200 in 39ms
 GET /api/escalations 200 in 13ms
 GET /api/escalations 200 in 15ms
 GET /api/escalations 200 in 13ms
 GET /api/escalations 200 in 13ms
 GET /api/escalations 200 in 35ms
 GET /api/runtime/health 200 in 37ms
 GET /api/escalations 200 in 13ms
 GET /api/escalations 200 in 13ms
 GET /api/escalations 200 in 11ms
 GET /api/runtime/health 200 in 26ms
 GET /api/escalations 200 in 15ms
 GET /api/escalations 200 in 12ms
 GET /api/escalations 200 in 13ms
 GET /api/escalations 200 in 32ms
 GET /api/runtime/health 200 in 35ms
 GET /api/escalations 200 in 13ms
 GET /api/escalations 200 in 13ms
 GET /api/escalations 200 in 13ms
 GET /api/escalations 200 in 12ms
 GET /api/runtime/health 200 in 27ms
 GET /api/escalations 200 in 14ms
 GET /api/escalations 200 in 13ms
 GET /api/escalations 200 in 16ms
 GET /api/escalations 200 in 12ms
 GET /api/runtime/health 200 in 26ms
 GET /api/escalations 200 in 13ms
 GET /api/escalations 200 in 12ms
 GET /api/escalations 200 in 12ms
 GET /api/escalations 200 in 14ms
 GET /api/escalations 200 in 16ms
 GET /api/runtime/health 200 in 40ms
 GET /api/escalations 200 in 14ms
 GET /api/escalations 200 in 21ms
 GET /api/escalations 200 in 11ms
 GET /api/escalations 200 in 12ms
 GET /api/escalations 200 in 36ms
 GET /api/runtime/health 200 in 37ms
 GET /api/escalations 200 in 13ms
 GET /api/escalations 200 in 11ms
 GET /api/escalations 200 in 11ms
 GET /api/escalations 200 in 12ms
 GET /api/escalations 200 in 19ms
 GET /api/runtime/health 200 in 41ms
 GET /api/escalations 200 in 13ms
 GET /api/escalations 200 in 13ms
 GET /api/escalations 200 in 11ms
 GET /api/escalations 200 in 34ms
 GET /api/runtime/health 200 in 36ms
 GET /api/escalations 200 in 15ms
 GET /api/escalations 200 in 11ms
 GET /api/escalations 200 in 13ms
 GET /api/escalations 200 in 11ms
 GET /api/escalations 200 in 38ms
 GET /api/runtime/health 200 in 40ms
 GET /api/escalations 200 in 13ms
 GET /api/escalations 200 in 13ms
 GET /api/escalations 200 in 17ms
 GET /api/escalations 200 in 12ms
 GET /api/escalations 200 in 38ms
 GET /api/runtime/health 200 in 41ms
 GET /api/escalations 200 in 13ms
 GET /api/escalations 200 in 13ms
 GET /api/escalations 200 in 13ms
 GET /api/escalations 200 in 35ms
 GET /api/runtime/health 200 in 37ms
 GET /api/escalations 200 in 12ms
 GET /api/escalations 200 in 13ms
 GET /api/escalations 200 in 11ms
 GET /api/escalations 200 in 11ms
 GET /api/escalations 200 in 36ms
 GET /api/runtime/health 200 in 38ms
 GET /api/escalations 200 in 14ms
 GET /api/escalations 200 in 13ms
 GET /api/escalations 200 in 17ms
 GET /api/escalations 200 in 11ms
 GET /api/runtime/health 200 in 29ms
 GET /api/escalations 200 in 14ms
 GET /api/escalations 200 in 14ms
 GET / 200 in 63ms
 GET /api/runtime/audit 200 in 45ms
 GET /api/runtime/audit 200 in 57ms
 GET /api/runtime/audit 200 in 36ms
 GET /api/runtime/audit 200 in 40ms
 GET /api/runtime/audit/stream 200 in 2661ms
 GET / 200 in 247ms
 GET /api/runtime/audit 200 in 36ms
 GET /api/runtime/health 200 in 43ms
 GET /api/runtime/audit 200 in 58ms
 GET /api/runtime/audit 200 in 33ms
 GET /api/runtime/audit 200 in 34ms
 GET /api/runtime/audit 200 in 36ms
 GET /api/runtime/audit 200 in 32ms
 GET /api/runtime/health 200 in 29ms
 GET /api/runtime/audit 200 in 44ms
 GET /api/runtime/audit 200 in 35ms
 GET /api/runtime/audit 200 in 30ms
 GET /api/runtime/audit 200 in 33ms
 GET /api/runtime/audit 200 in 36ms
 GET /api/runtime/health 200 in 30ms
 GET /api/runtime/audit 200 in 42ms
 GET /api/runtime/audit 200 in 33ms
 GET /api/runtime/audit 200 in 30ms
 GET /api/runtime/audit 200 in 29ms
 GET /api/runtime/audit 200 in 37ms
 GET /api/runtime/health 200 in 26ms
 GET /api/runtime/audit 200 in 37ms
 GET /api/runtime/audit 200 in 31ms
 GET /api/runtime/audit 200 in 33ms
 GET /api/runtime/audit 200 in 31ms
 GET /api/runtime/audit 200 in 29ms
 GET /api/runtime/health 200 in 29ms
 GET /api/runtime/audit 200 in 41ms
 GET /api/runtime/audit 200 in 37ms
 GET /api/runtime/audit 200 in 33ms
 GET /api/runtime/audit 200 in 32ms
 GET /api/runtime/audit 200 in 30ms
 GET /api/runtime/health 200 in 25ms
 GET /api/runtime/audit 200 in 41ms
 GET /api/runtime/audit 200 in 30ms
 GET /api/runtime/audit 200 in 35ms
 GET /api/runtime/audit 200 in 31ms
 GET /api/runtime/audit 200 in 35ms
 GET /api/runtime/health 200 in 26ms
 GET /api/runtime/audit 200 in 40ms
 GET /api/runtime/audit 200 in 37ms
 GET /api/runtime/audit 200 in 32ms
 GET /api/runtime/audit 200 in 43ms
 GET /api/runtime/audit 200 in 28ms
 GET /api/runtime/health 200 in 27ms
 GET /api/runtime/audit 200 in 39ms
 GET /api/runtime/audit 200 in 32ms
 GET /api/runtime/audit 200 in 33ms
 GET /api/runtime/audit 200 in 31ms
 GET /api/runtime/audit 200 in 30ms
 GET /api/runtime/health 200 in 27ms
 GET /api/runtime/audit 200 in 38ms
 GET /api/runtime/audit 200 in 33ms
 GET /api/runtime/audit 200 in 47ms
 GET /api/runtime/audit 200 in 33ms
 GET /api/runtime/audit 200 in 36ms
 GET /api/runtime/health 200 in 29ms
 GET /api/runtime/audit 200 in 41ms
 GET /api/runtime/audit 200 in 39ms
 GET /api/runtime/audit 200 in 33ms
 GET /api/runtime/audit 200 in 43ms
 GET /api/runtime/audit 200 in 19ms
 GET /api/runtime/audit 200 in 28ms
 GET /api/runtime/health 200 in 33ms
 GET /api/runtime/audit 200 in 41ms
 GET /api/runtime/audit 200 in 46ms
 GET /api/runtime/audit 200 in 51ms
 GET /api/runtime/audit 200 in 36ms
 GET /api/runtime/audit 200 in 41ms
 GET /api/runtime/health 200 in 38ms
 GET /api/runtime/audit 200 in 29ms
 GET /escalations 200 in 51ms
 GET /api/runtime/audit/stream 200 in 56078ms
 GET /api/escalations 200 in 23ms
 GET /api/escalations 200 in 38ms
 GET /api/escalations 200 in 12ms
 GET /api/escalations 200 in 12ms
 POST /api/escalations/action_805aa4bb/decision 200 in 62ms
 GET /api/escalations 200 in 12ms
 GET /api/escalations 200 in 19ms
 GET /api/escalations 200 in 13ms
 GET /api/runtime/health 200 in 26ms
 GET /api/escalations 200 in 12ms
 GET /api/escalations 200 in 12ms
 GET /api/escalations 200 in 13ms
 GET /api/escalations 200 in 11ms
 GET /api/escalations 200 in 85ms
 GET /api/runtime/health 200 in 89ms
 GET /api/escalations 200 in 12ms
 GET /api/escalations 200 in 13ms
 GET /api/escalations 200 in 13ms
 GET /api/escalations 200 in 14ms
 GET /api/escalations 200 in 38ms
 GET /api/runtime/health 200 in 41ms
 GET /api/escalations 200 in 13ms
 GET /api/escalations 200 in 15ms
 GET /api/escalations 200 in 13ms
 GET /api/escalations 200 in 12ms
 GET /api/escalations 200 in 38ms
 GET /api/runtime/health 200 in 40ms
 GET /api/escalations 200 in 15ms
 GET /api/escalations 200 in 11ms
 GET /api/escalations 200 in 21ms
 GET /api/escalations 200 in 12ms
 GET /api/escalations 200 in 35ms
 GET /api/runtime/health 200 in 36ms
 GET /api/escalations 200 in 12ms
 GET /api/escalations 200 in 17ms
 GET /api/escalations 200 in 11ms
 GET /api/escalations 200 in 13ms
 GET /api/runtime/health 200 in 28ms
 GET /api/escalations 200 in 12ms
 GET /api/escalations 200 in 14ms
 GET /api/escalations 200 in 16ms
 GET /api/escalations 200 in 11ms
 GET /api/escalations 200 in 13ms
 GET /api/runtime/health 200 in 27ms
 GET /api/escalations 200 in 13ms
 GET /api/escalations 200 in 14ms
 GET /api/escalations 200 in 21ms
 GET /api/escalations 200 in 12ms
 GET /api/escalations 200 in 11ms
 GET /api/runtime/health 200 in 26ms
 GET /api/escalations 200 in 20ms
 GET /api/escalations 200 in 13ms
 GET /api/escalations 200 in 12ms
 GET /api/escalations 200 in 14ms
 GET /api/escalations 200 in 14ms
 GET /api/runtime/health 200 in 25ms
 GET /api/escalations 200 in 17ms
 GET /api/escalations 200 in 13ms
 GET /api/escalations 200 in 11ms
 GET /api/escalations 200 in 14ms
 GET /api/escalations 200 in 13ms
 GET /api/runtime/health 200 in 27ms
 GET /api/escalations 200 in 14ms
 GET /api/escalations 200 in 14ms
 GET /api/escalations 200 in 14ms
 GET /api/escalations 200 in 13ms
 GET /api/escalations 200 in 20ms
 GET /api/runtime/health 200 in 40ms
 GET /api/escalations 200 in 17ms
 GET /api/escalations 200 in 12ms
 GET /api/escalations 200 in 11ms
 GET /api/escalations 200 in 13ms
 GET /api/escalations 200 in 12ms
 GET /api/runtime/health 200 in 38ms
 GET /api/escalations 200 in 13ms
 GET /api/escalations 200 in 11ms
 GET /api/escalations 200 in 11ms
 GET /api/escalations 200 in 21ms
 GET /api/escalations 200 in 13ms
 GET /api/runtime/health 200 in 25ms
 GET /api/escalations 200 in 17ms
 GET /api/escalations 200 in 12ms
 GET /api/escalations 200 in 12ms
 GET /api/escalations 200 in 12ms
 GET /api/escalations 200 in 18ms
 GET /api/runtime/health 200 in 27ms
 GET /api/escalations 200 in 14ms
 GET /api/escalations 200 in 12ms
 GET /api/escalations 200 in 14ms
 GET /api/escalations 200 in 12ms
 GET /api/escalations 200 in 14ms
 GET /api/runtime/health 200 in 26ms
 GET /api/escalations 200 in 22ms
 GET /api/escalations 200 in 19ms
 GET /api/escalations 200 in 14ms
 GET /api/escalations 200 in 18ms
 GET /api/escalations 200 in 13ms
 GET /api/runtime/health 200 in 28ms
 GET /api/escalations 200 in 25ms
 GET /api/escalations 200 in 15ms
 GET /api/escalations 200 in 13ms
 GET /api/escalations 200 in 13ms
 GET /api/escalations 200 in 11ms
 GET /api/runtime/health 200 in 27ms
 GET /api/escalations 200 in 14ms
 GET /api/escalations 200 in 13ms
 GET /api/escalations 200 in 12ms
 GET /api/escalations 200 in 13ms
 GET /api/escalations 200 in 12ms
 GET /api/runtime/health 200 in 29ms
 GET /api/escalations 200 in 12ms
 GET /api/escalations 200 in 13ms
 GET /api/escalations 200 in 13ms
 GET /api/escalations 200 in 14ms
 GET /api/escalations 200 in 13ms
 GET /api/runtime/health 200 in 26ms
 GET /api/escalations 200 in 17ms
 GET /api/escalations 200 in 11ms
 GET /api/escalations 200 in 11ms
 GET /api/escalations 200 in 22ms
 GET /api/escalations 200 in 14ms
 GET /api/runtime/health 200 in 33ms
 GET /api/escalations 200 in 19ms
 GET /api/escalations 200 in 13ms
 GET /api/escalations 200 in 13ms
 GET /api/escalations 200 in 14ms
 GET /api/escalations 200 in 14ms
 GET /api/runtime/health 200 in 29ms
 GET /api/escalations 200 in 12ms
 GET /api/escalations 200 in 12ms
 GET /api/escalations 200 in 11ms
 GET /api/escalations 200 in 14ms
 GET /api/escalations 200 in 32ms
 GET /api/escalations 200 in 40ms
 GET /api/runtime/health 200 in 43ms
 GET /api/escalations 200 in 11ms
 GET /api/escalations 200 in 14ms
 GET /api/escalations 200 in 12ms
 GET /api/escalations 200 in 14ms
 GET /api/escalations 200 in 33ms
 GET /api/runtime/health 200 in 35ms
 GET /api/escalations 200 in 11ms
 GET /api/escalations 200 in 17ms
 GET /api/escalations 200 in 12ms
 GET /api/escalations 200 in 11ms
 GET /api/runtime/health 200 in 30ms
 GET /api/escalations 200 in 15ms
 GET /api/escalations 200 in 16ms
 GET /api/escalations 200 in 16ms
 GET /api/escalations 200 in 13ms
 GET /api/escalations 200 in 36ms
 GET /api/runtime/health 200 in 38ms
 GET /api/escalations 200 in 16ms
 GET /api/escalations 200 in 17ms
 GET /api/escalations 200 in 13ms
 GET /api/escalations 200 in 42ms
 GET /api/runtime/health 200 in 44ms
 GET /api/escalations 200 in 14ms
 GET /api/escalations 200 in 14ms
 GET /api/escalations 200 in 17ms
 GET /api/escalations 200 in 17ms
 GET /api/escalations 200 in 39ms
 GET /api/runtime/health 200 in 41ms
 GET /api/escalations 200 in 12ms
 GET /api/escalations 200 in 16ms
 GET /api/escalations 200 in 13ms
 GET /api/escalations 200 in 13ms
 GET /api/escalations 200 in 37ms
 GET /api/runtime/health 200 in 39ms
 GET /api/escalations 200 in 15ms
 GET /api/escalations 200 in 14ms
 GET /api/escalations 200 in 13ms
 GET /api/runtime/health 200 in 31ms
 GET /api/escalations 200 in 16ms
 GET /api/escalations 200 in 13ms
 GET /api/escalations 200 in 18ms
 GET /api/escalations 200 in 15ms
 GET /api/runtime/health 200 in 34ms
 GET /api/escalations 200 in 15ms
 GET /api/escalations 200 in 12ms
 GET /api/escalations 200 in 13ms
 GET /api/escalations 200 in 39ms
 GET /api/runtime/health 200 in 42ms
 GET /api/escalations 200 in 12ms
 GET /api/escalations 200 in 11ms
 GET /api/escalations 200 in 12ms
 GET /api/escalations 200 in 16ms
 GET /api/runtime/health 200 in 49ms
 GET /api/escalations 200 in 12ms
 GET /api/escalations 200 in 12ms
 GET /api/escalations 200 in 12ms
 GET /api/escalations 200 in 11ms
 GET /api/escalations 200 in 38ms
 GET /api/runtime/health 200 in 41ms
 GET /api/escalations 200 in 12ms
 GET /api/escalations 200 in 14ms
 GET /api/escalations 200 in 12ms
 GET /api/escalations 200 in 11ms
 GET /api/escalations 200 in 35ms
 GET /api/runtime/health 200 in 36ms
 GET /api/escalations 200 in 15ms
 GET /api/escalations 200 in 17ms
 GET /api/escalations 200 in 15ms
 GET /api/escalations 200 in 16ms
 GET /api/escalations 200 in 33ms
 GET /api/runtime/health 200 in 37ms
 GET /api/escalations 200 in 14ms
 GET /api/escalations 200 in 13ms
 GET /api/escalations 200 in 12ms
 GET /api/escalations 200 in 35ms
 GET /api/runtime/health 200 in 38ms
 GET /api/escalations 200 in 14ms
 GET /api/escalations 200 in 11ms
 GET /api/escalations 200 in 14ms
 GET /api/runtime/health 200 in 28ms
 GET /api/escalations 200 in 12ms
 GET /api/escalations 200 in 12ms
 GET /api/escalations 200 in 15ms
 GET /api/escalations 200 in 21ms
 GET /api/runtime/health 200 in 27ms
 GET /api/escalations 200 in 12ms
 GET /api/escalations 200 in 11ms
 GET /api/escalations 200 in 12ms
 GET /api/escalations 200 in 19ms
 GET /api/escalations 200 in 63ms
 GET /api/runtime/health 200 in 65ms
 GET /api/escalations 200 in 15ms
 GET /api/escalations 200 in 11ms
 GET /api/escalations 200 in 10ms
 GET /api/escalations 200 in 37ms
 GET /api/runtime/health 200 in 41ms
 GET /api/escalations 200 in 11ms
 GET /api/escalations 200 in 11ms
 GET /api/escalations 200 in 13ms
 GET /api/escalations 200 in 45ms
 GET /api/runtime/health 200 in 49ms
 GET /api/escalations 200 in 12ms
 GET /api/escalations 200 in 12ms
 GET /api/escalations 200 in 11ms
 GET /api/escalations 200 in 13ms
 GET /api/runtime/health 200 in 55ms
 GET /api/escalations 200 in 64ms
 GET /api/escalations 200 in 20ms
 GET /api/escalations 200 in 12ms
 GET /api/escalations 200 in 13ms
 GET /api/escalations 200 in 20ms
 GET /api/runtime/health 200 in 43ms
 GET /api/escalations 200 in 15ms
 GET /api/escalations 200 in 12ms
 GET /api/escalations 200 in 14ms
 GET /api/escalations 200 in 14ms
 GET /api/escalations 200 in 17ms
 GET /api/runtime/health 200 in 40ms
 GET /api/escalations 200 in 15ms
 GET /api/escalations 200 in 13ms
 GET /api/escalations 200 in 14ms
 GET /api/escalations 200 in 40ms
 GET /api/runtime/health 200 in 42ms
 GET /api/escalations 200 in 13ms
 GET /api/escalations 200 in 18ms
 GET /api/escalations 200 in 14ms
 GET /api/escalations 200 in 13ms
 GET /api/escalations 200 in 36ms
 GET /api/runtime/health 200 in 41ms
 GET /api/escalations 200 in 13ms
 GET /api/escalations 200 in 15ms
 GET /api/escalations 200 in 12ms
 GET /api/escalations 200 in 10ms
 GET /api/escalations 200 in 39ms
 GET /api/runtime/health 200 in 66ms
 GET /api/escalations 200 in 13ms
 GET /api/escalations 200 in 12ms
 GET /api/escalations 200 in 10ms
 GET /api/escalations 200 in 43ms
 GET /api/runtime/health 200 in 46ms
 GET /api/escalations 200 in 14ms
 GET /api/escalations 200 in 11ms
 GET /api/escalations 200 in 14ms
 GET /api/escalations 200 in 26ms
 GET /api/escalations 200 in 19ms
 GET /api/runtime/health 200 in 45ms
 GET /api/escalations 200 in 11ms
 GET /api/escalations 200 in 14ms
 GET /api/escalations 200 in 11ms
 GET /api/escalations 200 in 35ms
 GET /api/runtime/health 200 in 36ms
 GET /api/escalations 200 in 15ms
 GET /api/escalations 200 in 11ms
 GET /api/escalations 200 in 12ms
 GET /api/escalations 200 in 14ms
 GET /api/escalations 200 in 17ms
 GET /api/runtime/health 200 in 37ms
 GET /api/escalations 200 in 13ms
 GET /api/escalations 200 in 16ms
 GET /api/escalations 200 in 14ms
 GET /api/escalations 200 in 43ms
 GET /api/runtime/health 200 in 46ms
 GET /api/escalations 200 in 12ms
 GET /api/escalations 200 in 16ms
 GET /api/escalations 200 in 11ms
 GET /api/escalations 200 in 36ms
 GET /api/runtime/health 200 in 38ms
 GET /api/escalations 200 in 14ms
 GET /api/escalations 200 in 13ms
 GET /api/escalations 200 in 14ms
 GET /api/escalations 200 in 37ms
 GET /api/runtime/health 200 in 38ms
 GET /api/escalations 200 in 15ms
 GET /api/escalations 200 in 11ms
 GET /api/escalations 200 in 12ms
 GET /api/escalations 200 in 14ms
 GET /api/escalations 200 in 36ms
 GET /api/runtime/health 200 in 39ms
 GET /api/escalations 200 in 12ms
 GET /api/escalations 200 in 14ms
 GET /api/escalations 200 in 12ms
 GET /api/escalations 200 in 23ms
 GET /api/runtime/health 200 in 48ms
 GET /api/escalations 200 in 11ms
 GET /api/escalations 200 in 13ms
 GET /api/escalations 200 in 14ms
 GET /api/escalations 200 in 11ms
 GET /api/escalations 200 in 37ms
 GET /api/runtime/health 200 in 40ms
 GET /api/escalations 200 in 11ms
 GET /api/escalations 200 in 13ms
 GET /api/escalations 200 in 11ms
 GET /api/escalations 200 in 11ms
 GET /api/runtime/health 200 in 27ms
 GET /api/escalations 200 in 11ms
 GET /api/escalations 200 in 11ms
 GET /api/escalations 200 in 10ms
 GET /api/escalations 200 in 11ms
 GET /api/escalations 200 in 31ms
 GET /api/runtime/health 200 in 34ms
 GET /api/escalations 200 in 13ms
 GET /api/escalations 200 in 12ms
 GET /api/escalations 200 in 12ms
 GET /api/runtime/health 200 in 33ms
 GET /api/escalations 200 in 16ms
 GET /api/escalations 200 in 13ms
 GET /api/escalations 200 in 13ms
 GET /api/escalations 200 in 14ms
 GET /api/runtime/health 200 in 32ms
 GET /api/escalations 200 in 13ms
 GET /api/escalations 200 in 11ms
 GET /api/escalations 200 in 14ms
 GET /api/escalations 200 in 13ms
 GET /api/escalations 200 in 33ms
 GET /api/runtime/health 200 in 35ms
 GET /api/escalations 200 in 12ms
 GET /api/escalations 200 in 12ms
 GET /api/escalations 200 in 14ms
 GET /api/escalations 200 in 35ms
 GET /api/runtime/health 200 in 37ms
 GET /api/escalations 200 in 12ms
 GET /api/escalations 200 in 14ms
 GET /api/escalations 200 in 17ms
 GET /api/runtime/health 200 in 37ms
 GET /api/escalations 200 in 13ms
 GET /api/escalations 200 in 16ms
 GET /api/escalations 200 in 13ms
 GET /api/escalations 200 in 12ms
 GET /api/escalations 200 in 37ms
 GET /api/runtime/health 200 in 41ms
 GET /api/escalations 200 in 12ms
 GET /api/escalations 200 in 12ms
 GET /api/escalations 200 in 11ms
 GET /api/escalations 200 in 11ms
 GET /api/escalations 200 in 39ms
 GET /api/runtime/health 200 in 41ms
 GET /api/escalations 200 in 13ms
 GET /api/escalations 200 in 13ms
 GET /api/escalations 200 in 11ms
 GET /api/escalations 200 in 13ms
 GET /api/escalations 200 in 37ms
 GET /api/runtime/health 200 in 41ms
 GET /api/escalations 200 in 18ms
 GET /api/escalations 200 in 13ms
 GET /api/escalations 200 in 11ms
 GET /api/escalations 200 in 18ms
 GET /api/runtime/health 200 in 41ms
 GET /api/escalations 200 in 16ms
 GET /api/escalations 200 in 13ms
 GET /api/escalations 200 in 10ms
 GET /api/escalations 200 in 34ms
 GET /api/runtime/health 200 in 36ms
 GET /api/escalations 200 in 12ms
 GET /api/escalations 200 in 13ms
 GET /api/escalations 200 in 13ms
 GET /api/escalations 200 in 35ms
 GET /api/escalations 200 in 15ms
 GET /api/runtime/health 200 in 37ms
 GET /api/escalations 200 in 13ms
 GET /api/escalations 200 in 11ms
 GET /api/escalations 200 in 18ms
 GET /api/escalations 200 in 11ms
 GET /api/escalations 200 in 16ms
 GET /api/runtime/health 200 in 37ms
 GET /api/escalations 200 in 12ms
 GET /api/escalations 200 in 11ms
 GET /api/escalations 200 in 12ms
 GET /api/escalations 200 in 34ms
 GET /api/runtime/health 200 in 37ms
 GET /api/escalations 200 in 11ms
 GET /api/escalations 200 in 11ms
 GET /api/escalations 200 in 11ms
 GET /api/escalations 200 in 12ms
 GET /api/escalations 200 in 34ms
 GET /api/runtime/health 200 in 36ms
 GET /api/escalations 200 in 11ms
 GET /api/escalations 200 in 12ms
 GET /api/escalations 200 in 13ms
 GET /api/escalations 200 in 21ms
 GET /api/escalations 200 in 35ms
 GET /api/runtime/health 200 in 36ms
 GET /api/escalations 200 in 13ms
 GET /api/escalations 200 in 13ms
 GET /api/escalations 200 in 12ms
 GET /api/escalations 200 in 43ms
 GET /api/runtime/health 200 in 43ms
 GET /api/escalations 200 in 12ms
 GET /api/escalations 200 in 12ms
 GET /api/escalations 200 in 12ms
 GET /api/escalations 200 in 35ms
 GET /api/runtime/health 200 in 37ms
 GET /api/escalations 200 in 14ms
 GET /api/escalations 200 in 16ms
 GET /api/escalations 200 in 13ms
 GET /api/escalations 200 in 34ms
 GET /api/runtime/health 200 in 37ms
 GET /api/escalations 200 in 12ms
 GET /api/escalations 200 in 14ms
 GET /api/escalations 200 in 12ms
 GET /api/escalations 200 in 12ms
 GET /api/escalations 200 in 41ms
 GET /api/runtime/health 200 in 42ms
 GET /api/escalations 200 in 12ms
 GET /api/escalations 200 in 12ms
 GET /api/escalations 200 in 11ms
 GET /api/escalations 200 in 35ms
 GET /api/runtime/health 200 in 37ms
 GET /api/escalations 200 in 12ms
 GET /api/escalations 200 in 13ms
 GET /api/escalations 200 in 14ms
 GET /api/escalations 200 in 13ms
 GET /api/escalations 200 in 37ms
 GET /api/runtime/health 200 in 38ms
 GET /api/escalations 200 in 18ms
 GET /api/escalations 200 in 36ms
 GET /api/escalations 200 in 11ms
 GET /api/escalations 200 in 11ms
 GET /api/escalations 200 in 37ms
 GET /api/runtime/health 200 in 38ms
 GET /api/escalations 200 in 12ms
 GET /api/escalations 200 in 11ms
 GET /api/escalations 200 in 13ms
 GET /api/escalations 200 in 35ms
 GET /api/runtime/health 200 in 37ms
 GET /api/escalations 200 in 21ms
 GET /api/escalations 200 in 11ms
 GET /api/escalations 200 in 11ms
 GET /api/escalations 200 in 11ms
 GET /api/runtime/health 200 in 29ms
 GET /api/escalations 200 in 12ms
 GET /api/escalations 200 in 12ms
 GET /api/escalations 200 in 15ms
 GET /api/escalations 200 in 41ms
 GET /api/runtime/health 200 in 40ms
 GET /api/escalations 200 in 13ms
 GET /api/escalations 200 in 13ms
 GET /api/escalations 200 in 13ms
 GET /api/escalations 200 in 15ms
 GET /api/escalations 200 in 17ms
 GET /api/runtime/health 200 in 40ms
 GET /api/escalations 200 in 11ms
 GET /api/escalations 200 in 16ms
 GET /api/escalations 200 in 12ms
 GET /api/escalations 200 in 12ms
 GET /api/escalations 200 in 38ms
 GET /api/runtime/health 200 in 38ms
 GET /api/escalations 200 in 20ms
 GET /api/escalations 200 in 17ms
 GET /api/escalations 200 in 39ms
 GET /api/runtime/health 200 in 41ms
 GET /api/escalations 200 in 14ms
 GET /api/escalations 200 in 16ms
 GET /api/escalations 200 in 14ms
 GET /api/escalations 200 in 12ms
 GET /api/runtime/health 200 in 27ms
 GET /api/escalations 200 in 11ms
 GET /api/escalations 200 in 14ms
 GET /api/escalations 200 in 12ms
 GET /api/escalations 200 in 13ms
 GET /api/escalations 200 in 16ms
 GET /api/runtime/health 200 in 37ms
 GET /api/escalations 200 in 15ms
 GET /api/escalations 200 in 12ms
 GET /api/escalations 200 in 18ms
 GET /api/escalations 200 in 40ms
 GET /api/runtime/health 200 in 44ms
 GET /api/escalations 200 in 16ms
 GET /api/escalations 200 in 11ms
 GET /api/escalations 200 in 14ms
 GET /api/escalations 200 in 11ms
 GET /api/escalations 200 in 35ms
 GET /api/runtime/health 200 in 36ms
 GET /api/escalations 200 in 24ms
 GET /api/escalations 200 in 11ms
 GET /api/escalations 200 in 13ms
 GET /api/escalations 200 in 13ms
 GET /api/escalations 200 in 35ms
 GET /api/runtime/health 200 in 38ms
 GET /api/escalations 200 in 16ms
 GET /api/escalations 200 in 14ms
 GET /api/escalations 200 in 12ms
 GET /api/escalations 200 in 38ms
 GET /api/runtime/health 200 in 40ms
 GET /api/escalations 200 in 12ms
 GET /api/escalations 200 in 13ms
 GET /api/escalations 200 in 11ms
 GET /api/escalations 200 in 36ms
 GET /api/runtime/health 200 in 38ms
 GET /api/escalations 200 in 13ms
 GET /api/escalations 200 in 12ms
 GET /api/escalations 200 in 13ms
 GET /api/escalations 200 in 34ms
 GET /api/runtime/health 200 in 35ms
 GET /api/escalations 200 in 14ms
 GET /api/escalations 200 in 10ms
 GET /api/escalations 200 in 15ms
 GET /api/runtime/health 200 in 36ms
 GET /api/escalations 200 in 24ms
 GET /api/escalations 200 in 10ms
 GET /api/escalations 200 in 10ms
 GET /api/escalations 200 in 11ms
 GET /api/escalations 200 in 33ms
 GET /api/runtime/health 200 in 36ms
 GET /api/escalations 200 in 12ms
 GET /api/escalations 200 in 12ms
 GET /api/escalations 200 in 12ms
 GET /api/escalations 200 in 12ms
 GET /api/escalations 200 in 37ms
 GET /api/runtime/health 200 in 38ms
 GET /api/escalations 200 in 11ms
 GET /api/escalations 200 in 11ms
 GET /api/escalations 200 in 48ms
 GET /api/runtime/health 200 in 48ms
 GET /api/escalations 200 in 13ms
 GET /api/escalations 200 in 12ms
 GET /api/escalations 200 in 10ms
 GET /api/escalations 200 in 11ms
 GET /api/escalations 200 in 15ms
 GET /api/runtime/health 200 in 38ms
 GET /api/escalations 200 in 12ms
 GET /api/escalations 200 in 13ms
 GET /api/escalations 200 in 11ms
 GET /api/escalations 200 in 17ms
 GET /api/escalations 200 in 42ms
 GET /api/runtime/health 200 in 43ms
 GET /api/escalations 200 in 26ms
 GET /api/escalations 200 in 15ms
 GET /api/escalations 200 in 12ms
 GET /api/escalations 200 in 16ms
 GET /api/runtime/health 200 in 41ms
 GET /api/escalations 200 in 11ms
 GET /api/escalations 200 in 12ms
 GET /api/escalations 200 in 12ms
 GET /api/escalations 200 in 11ms
 GET /api/escalations 200 in 33ms
 GET /api/runtime/health 200 in 36ms
 GET /api/escalations 200 in 11ms
 GET /api/escalations 200 in 11ms
 GET /api/escalations 200 in 11ms
 GET /api/escalations 200 in 33ms
 GET /api/runtime/health 200 in 35ms
 GET /api/escalations 200 in 12ms
 GET /api/escalations 200 in 18ms
 GET /api/escalations 200 in 13ms
 GET /api/escalations 200 in 32ms
 GET /api/runtime/health 200 in 34ms
 GET /api/escalations 200 in 13ms
 GET /api/escalations 200 in 11ms
 GET /api/escalations 200 in 15ms
 GET /api/escalations 200 in 10ms
 GET /api/escalations 200 in 36ms
 GET /api/runtime/health 200 in 38ms
 GET /api/escalations 200 in 12ms
 GET /api/escalations 200 in 12ms
 GET /api/escalations 200 in 11ms
 GET /api/escalations 200 in 32ms
 GET /api/runtime/health 200 in 60ms
 GET /api/escalations 200 in 12ms
 GET /api/escalations 200 in 10ms
 GET /api/escalations 200 in 10ms
 GET /api/escalations 200 in 35ms
 GET /api/runtime/health 200 in 37ms
 GET /api/escalations 200 in 11ms
 GET /api/escalations 200 in 12ms
 GET /api/escalations 200 in 11ms
 GET /api/escalations 200 in 18ms
 GET /api/escalations 200 in 14ms
 GET /api/runtime/health 200 in 32ms
 GET /api/escalations 200 in 13ms
 GET /api/escalations 200 in 11ms
 GET /api/escalations 200 in 11ms
 GET /api/escalations 200 in 11ms
 GET /api/escalations 200 in 35ms
 GET /api/runtime/health 200 in 37ms
 GET /api/escalations 200 in 12ms
 GET /api/escalations 200 in 12ms
 GET /api/escalations 200 in 12ms
 GET /api/escalations 200 in 36ms
 GET /api/runtime/health 200 in 40ms
 GET /api/escalations 200 in 14ms
 GET /api/escalations 200 in 14ms
 GET /api/escalations 200 in 14ms
 GET /api/escalations 200 in 14ms
 GET /api/escalations 200 in 37ms
 GET /api/runtime/health 200 in 40ms
 GET /api/escalations 200 in 15ms
 GET /api/escalations 200 in 12ms
 GET /api/escalations 200 in 36ms
 GET /api/runtime/health 200 in 36ms
 GET /api/escalations 200 in 14ms
 GET /api/escalations 200 in 27ms
 GET /api/escalations 200 in 11ms
 GET /api/escalations 200 in 13ms
 GET /api/escalations 200 in 39ms
 GET /api/runtime/health 200 in 41ms
 GET /api/escalations 200 in 11ms
 GET /api/escalations 200 in 13ms
 GET /api/escalations 200 in 11ms
 GET /api/escalations 200 in 12ms
 GET /api/escalations 200 in 37ms
 GET /api/runtime/health 200 in 38ms
 GET /api/escalations 200 in 14ms
 GET /api/escalations 200 in 11ms
 GET /api/escalations 200 in 12ms
 GET /api/runtime/health 200 in 26ms
 GET /api/escalations 200 in 12ms
 GET /api/escalations 200 in 13ms
 GET /api/escalations 200 in 12ms
 GET /api/escalations 200 in 11ms
 GET /api/runtime/health 200 in 26ms
 GET /api/escalations 200 in 13ms
 GET /api/escalations 200 in 13ms
 GET /api/escalations 200 in 10ms
 GET /api/escalations 200 in 11ms
 GET /api/escalations 200 in 15ms
 GET /api/runtime/health 200 in 58ms
 GET /api/escalations 200 in 13ms
 GET /api/escalations 200 in 11ms
 GET /api/escalations 200 in 10ms
 GET /api/escalations 200 in 33ms
 GET /api/runtime/health 200 in 36ms
 GET /api/escalations 200 in 13ms
 GET /api/escalations 200 in 14ms
 GET /api/escalations 200 in 16ms
 GET /api/escalations 200 in 14ms
 GET /api/escalations 200 in 31ms
 GET /api/runtime/health 200 in 34ms
 GET /api/escalations 200 in 14ms
 GET /api/escalations 200 in 13ms
 GET /api/escalations 200 in 12ms
 GET /api/escalations 200 in 11ms
 GET /api/escalations 200 in 36ms
 GET /api/runtime/health 200 in 39ms
 GET /api/escalations 200 in 13ms
 GET /api/escalations 200 in 10ms
 GET /api/escalations 200 in 10ms
 GET /api/escalations 200 in 52ms
 GET /api/runtime/health 200 in 57ms
 GET /api/escalations 200 in 16ms
 GET /api/escalations 200 in 13ms
 GET /api/escalations 200 in 10ms
 GET /api/escalations 200 in 13ms
 GET /api/runtime/health 200 in 34ms
 GET /api/escalations 200 in 13ms
 GET /api/escalations 200 in 12ms
 GET /api/escalations 200 in 12ms
 GET /api/escalations 200 in 11ms
 GET /api/escalations 200 in 35ms
 GET /api/runtime/health 200 in 37ms
 GET /api/escalations 200 in 11ms
 GET /api/escalations 200 in 13ms
 GET /api/escalations 200 in 14ms
 GET /api/escalations 200 in 12ms
 GET /api/escalations 200 in 33ms
 GET /api/runtime/health 200 in 36ms
 GET /api/escalations 200 in 15ms
 GET /api/escalations 200 in 14ms
 GET /api/escalations 200 in 12ms
 GET /api/escalations 200 in 38ms
 GET /api/runtime/health 200 in 40ms
 GET /api/escalations 200 in 12ms
 GET /api/escalations 200 in 16ms
 GET /api/escalations 200 in 15ms
 GET /api/escalations 200 in 16ms
 GET /api/escalations 200 in 40ms
 GET /api/runtime/health 200 in 42ms
 GET /api/escalations 200 in 14ms
 GET /api/escalations 200 in 13ms
 GET /api/escalations 200 in 14ms
 GET /api/escalations 200 in 11ms
 GET /api/escalations 200 in 41ms
 GET /api/runtime/health 200 in 43ms
 GET /api/escalations 200 in 16ms
 GET /api/escalations 200 in 11ms
 GET /api/escalations 200 in 14ms
 GET /api/escalations 200 in 38ms
 GET /api/runtime/health 200 in 40ms
 GET /api/escalations 200 in 12ms
 GET /api/escalations 200 in 13ms
 GET /api/escalations 200 in 39ms
 GET /api/runtime/health 200 in 38ms
 GET /api/escalations 200 in 14ms
 GET /api/escalations 200 in 15ms
 GET /api/escalations 200 in 13ms
 GET /api/escalations 200 in 11ms
 GET /api/escalations 200 in 18ms
 GET /api/runtime/health 200 in 39ms
 GET /api/escalations 200 in 13ms
 GET /api/escalations 200 in 15ms
 GET /api/escalations 200 in 17ms
 GET /api/escalations 200 in 11ms
 GET /api/escalations 200 in 15ms
 GET /api/runtime/health 200 in 37ms
 GET /api/escalations 200 in 13ms
 GET /api/escalations 200 in 15ms
 GET /api/escalations 200 in 18ms
 GET /api/escalations 200 in 13ms
 GET /api/escalations 200 in 35ms
 GET /api/runtime/health 200 in 39ms
 GET /api/escalations 200 in 12ms
 GET /api/escalations 200 in 15ms
 GET /api/escalations 200 in 13ms
 GET /api/escalations 200 in 46ms
 GET /api/runtime/health 200 in 48ms
 GET /api/escalations 200 in 13ms
 GET /api/escalations 200 in 10ms
 GET /api/escalations 200 in 15ms
 GET /api/escalations 200 in 29ms
 GET /api/runtime/health 200 in 60ms
 GET /api/escalations 200 in 12ms
 GET /api/escalations 200 in 19ms
 GET /api/escalations 200 in 18ms
 GET /api/escalations 200 in 15ms
 GET /api/escalations 200 in 37ms
 GET /api/runtime/health 200 in 43ms
 GET /api/escalations 200 in 12ms
 GET /api/escalations 200 in 10ms
 GET /api/escalations 200 in 11ms
 GET /api/escalations 200 in 11ms
 GET /api/escalations 200 in 22ms
 GET /api/runtime/health 200 in 47ms
 GET /api/escalations 200 in 12ms
 GET /api/escalations 200 in 15ms
 GET /api/escalations 200 in 11ms
 GET /api/runtime/health 200 in 28ms
 GET /api/escalations 200 in 12ms
 GET /api/escalations 200 in 14ms
 GET /api/escalations 200 in 12ms
 GET /api/escalations 200 in 13ms
 GET /api/runtime/health 200 in 28ms
 GET /api/escalations 200 in 13ms
 GET /api/escalations 200 in 12ms
 GET /api/escalations 200 in 12ms
 GET /api/escalations 200 in 13ms
 GET /api/escalations 200 in 32ms
 GET /api/runtime/health 200 in 34ms
 GET /api/escalations 200 in 12ms
 GET /api/escalations 200 in 12ms
 GET /api/escalations 200 in 12ms
 GET /api/escalations 200 in 15ms
 GET /api/runtime/health 200 in 37ms
 GET /api/escalations 200 in 13ms
 GET /api/escalations 200 in 13ms
 GET /api/escalations 200 in 12ms
 GET /api/escalations 200 in 34ms
 GET /api/runtime/health 200 in 36ms
 GET /api/escalations 200 in 12ms
 GET /api/escalations 200 in 26ms
 GET /api/escalations 200 in 14ms
 GET /api/escalations 200 in 11ms
 GET /api/escalations 200 in 14ms
 GET /api/runtime/health 200 in 37ms
 GET /api/escalations 200 in 12ms
 GET /api/escalations 200 in 14ms
 GET /api/escalations 200 in 14ms
 GET /api/escalations 200 in 11ms
 GET /api/escalations 200 in 38ms
 GET /api/runtime/health 200 in 42ms
 GET /api/escalations 200 in 13ms
 GET /api/escalations 200 in 12ms
 GET /api/escalations 200 in 51ms
 GET /api/runtime/health 200 in 52ms
 GET /api/escalations 200 in 17ms
 GET /api/escalations 200 in 11ms
 GET /api/escalations 200 in 11ms
 GET /api/escalations 200 in 12ms
 GET /api/runtime/health 200 in 25ms
 GET /api/escalations 200 in 12ms
 GET /api/escalations 200 in 14ms
 GET /api/escalations 200 in 11ms
 GET /api/escalations 200 in 12ms
 GET /api/escalations 200 in 34ms
 GET /api/runtime/health 200 in 35ms
 GET /api/escalations 200 in 12ms
 GET /api/escalations 200 in 16ms
 GET /api/escalations 200 in 11ms
 GET /api/escalations 200 in 11ms
 GET /api/escalations 200 in 33ms
 GET /api/runtime/health 200 in 35ms
 GET /api/escalations 200 in 14ms
 GET /api/escalations 200 in 11ms
 GET /api/escalations 200 in 12ms
 GET /api/escalations 200 in 11ms
 GET /api/escalations 200 in 35ms
 GET /api/runtime/health 200 in 38ms
 GET /api/escalations 200 in 13ms
 GET /api/escalations 200 in 14ms
 GET /api/escalations 200 in 14ms
 GET /api/escalations 200 in 12ms
 GET /api/escalations 200 in 36ms
 GET /api/runtime/health 200 in 41ms
 GET /api/escalations 200 in 12ms
 GET /api/escalations 200 in 12ms
 GET /api/escalations 200 in 16ms
 GET /api/escalations 200 in 16ms
 GET /api/runtime/health 200 in 39ms
 GET /api/escalations 200 in 12ms
 GET /api/escalations 200 in 14ms
 GET /api/escalations 200 in 12ms
 GET /api/escalations 200 in 34ms
 GET /api/runtime/health 200 in 36ms
 GET /api/escalations 200 in 15ms
 GET /api/escalations 200 in 12ms
 GET /api/escalations 200 in 19ms
 GET /api/escalations 200 in 35ms
 GET /api/runtime/health 200 in 39ms
 GET /api/escalations 200 in 13ms
 GET /api/escalations 200 in 12ms
 GET /api/escalations 200 in 11ms
 GET /api/escalations 200 in 13ms
 GET /api/escalations 200 in 36ms
 GET /api/runtime/health 200 in 35ms
 GET /api/escalations 200 in 13ms
 GET /api/escalations 200 in 14ms
 GET /api/escalations 200 in 11ms
 GET /api/escalations 200 in 37ms
 GET /api/runtime/health 200 in 37ms
 GET /api/escalations 200 in 14ms
 GET /api/escalations 200 in 12ms
 GET /api/escalations 200 in 14ms
 GET /api/escalations 200 in 17ms
 GET /api/escalations 200 in 35ms
 GET /api/runtime/health 200 in 36ms
 GET /api/escalations 200 in 11ms
 GET /api/escalations 200 in 14ms
 GET /api/escalations 200 in 11ms
 GET /api/escalations 200 in 33ms
 GET /api/runtime/health 200 in 36ms
 GET /api/escalations 200 in 12ms
 GET /api/escalations 200 in 13ms
 GET /api/escalations 200 in 39ms
 GET /api/runtime/health 200 in 41ms
 GET /api/escalations 200 in 14ms
 GET /api/escalations 200 in 17ms
 GET /api/escalations 200 in 19ms
 GET /api/escalations 200 in 16ms
 GET /api/escalations 200 in 38ms
 GET /api/runtime/health 200 in 42ms
 GET /api/escalations 200 in 17ms
 GET /api/escalations 200 in 16ms
 GET /api/escalations 200 in 12ms
 GET /api/escalations 200 in 33ms
 GET /api/runtime/health 200 in 35ms
 GET /api/escalations 200 in 14ms
 GET /api/escalations 200 in 18ms
 GET /api/escalations 200 in 17ms
 GET /api/escalations 200 in 37ms
 GET /api/runtime/health 200 in 39ms
 GET /api/escalations 200 in 14ms
 GET /api/escalations 200 in 14ms
 GET /api/escalations 200 in 12ms
 GET /api/escalations 200 in 10ms
 GET /api/escalations 200 in 25ms
 GET /api/runtime/health 200 in 48ms
 GET /api/escalations 200 in 12ms
 GET /api/escalations 200 in 11ms
 GET /api/escalations 200 in 17ms
 GET /api/escalations 200 in 33ms
 GET /api/runtime/health 200 in 36ms
 GET /api/escalations 200 in 12ms
 GET /api/escalations 200 in 13ms
 GET /api/escalations 200 in 16ms
 GET /api/runtime/health 200 in 26ms
 GET /api/escalations 200 in 15ms
 GET /api/escalations 200 in 13ms
 GET /api/escalations 200 in 12ms
 GET /api/escalations 200 in 13ms
 GET /api/escalations 200 in 22ms
 GET /api/runtime/health 200 in 43ms
 GET /api/escalations 200 in 14ms
 GET /api/escalations 200 in 12ms
 GET /api/escalations 200 in 13ms
 GET /api/escalations 200 in 37ms
 GET /api/runtime/health 200 in 39ms
 GET /api/escalations 200 in 14ms
 GET /api/escalations 200 in 12ms
 GET /api/escalations 200 in 39ms
 GET /api/runtime/health 200 in 40ms
 GET /api/escalations 200 in 14ms
 GET /api/escalations 200 in 13ms
 GET /api/escalations 200 in 13ms
 GET /api/escalations 200 in 25ms
 GET /api/escalations 200 in 33ms
 GET /api/runtime/health 200 in 37ms
 GET /api/escalations 200 in 25ms
 GET /api/escalations 200 in 12ms
 GET /api/escalations 200 in 14ms
 GET /api/escalations 200 in 35ms
 GET /api/runtime/health 200 in 38ms
 GET /api/escalations 200 in 11ms
 GET /api/escalations 200 in 14ms
 GET /api/escalations 200 in 13ms
 GET /api/escalations 200 in 34ms
 GET /api/runtime/health 200 in 37ms
 GET /api/escalations 200 in 13ms
 GET /api/escalations 200 in 14ms
 GET /api/escalations 200 in 13ms
 GET /api/runtime/health 200 in 28ms
 GET /api/escalations 200 in 13ms
 GET /api/escalations 200 in 12ms
 GET /api/escalations 200 in 11ms
 GET /api/escalations 200 in 14ms
 GET /api/escalations 200 in 46ms
 GET /api/runtime/health 200 in 51ms
 GET /api/escalations 200 in 11ms
 GET /api/escalations 200 in 11ms
 GET /api/escalations 200 in 13ms
 GET /api/escalations 200 in 11ms
 GET /api/escalations 200 in 16ms
 GET /api/runtime/health 200 in 37ms
 GET /api/escalations 200 in 12ms
 GET /api/escalations 200 in 12ms
 GET /api/escalations 200 in 62ms
 GET /api/runtime/health 200 in 65ms
 GET /api/escalations 200 in 16ms
 GET /api/escalations 200 in 11ms
 GET /api/escalations 200 in 11ms
 GET /api/escalations 200 in 11ms
 GET /api/escalations 200 in 14ms
 GET /api/runtime/health 200 in 35ms
 GET /api/escalations 200 in 13ms
 GET /api/escalations 200 in 13ms
 GET /api/escalations 200 in 12ms
 GET /api/escalations 200 in 12ms
 GET /api/escalations 200 in 37ms
 GET /api/runtime/health 200 in 38ms
 GET /api/escalations 200 in 14ms
 GET /api/escalations 200 in 13ms
 GET /api/escalations 200 in 12ms
 GET /api/escalations 200 in 35ms
 GET /api/runtime/health 200 in 38ms
 GET /api/escalations 200 in 19ms
 GET /api/escalations 200 in 13ms
 GET /api/escalations 200 in 12ms
 GET /api/escalations 200 in 18ms
 GET /api/escalations 200 in 21ms
 GET /api/runtime/health 200 in 44ms
 GET /api/escalations 200 in 13ms
 GET /api/escalations 200 in 12ms
 GET /api/escalations 200 in 15ms
 GET /api/escalations 200 in 18ms
 GET /api/runtime/health 200 in 40ms
 GET /api/escalations 200 in 15ms
 GET /api/escalations 200 in 12ms
 GET /api/escalations 200 in 15ms
 GET /api/escalations 200 in 51ms
 GET /api/runtime/health 200 in 53ms
 GET /api/escalations 200 in 13ms
 GET /api/escalations 200 in 12ms
 GET /api/escalations 200 in 11ms
 GET /api/escalations 200 in 13ms
 GET /api/escalations 200 in 33ms
 GET /api/runtime/health 200 in 35ms
 GET /api/escalations 200 in 12ms
 GET /api/escalations 200 in 12ms
 GET /api/escalations 200 in 24ms
 GET /api/runtime/health 200 in 28ms
 GET /api/escalations 200 in 12ms
 GET /api/escalations 200 in 13ms
 GET /api/escalations 200 in 14ms
 GET /api/escalations 200 in 15ms
 GET /api/escalations 200 in 35ms
 GET /api/runtime/health 200 in 38ms
 GET /api/escalations 200 in 15ms
 GET /api/escalations 200 in 12ms
 GET /api/escalations 200 in 13ms
 GET /api/escalations 200 in 14ms
 GET /api/escalations 200 in 38ms
 GET /api/runtime/health 200 in 41ms
 GET /api/escalations 200 in 12ms
 GET /api/escalations 200 in 12ms
 GET /api/escalations 200 in 11ms
 GET /api/escalations 200 in 38ms
 GET /api/runtime/health 200 in 40ms
 GET /api/escalations 200 in 13ms
 GET /api/escalations 200 in 12ms
 GET /api/escalations 200 in 12ms
 GET /api/escalations 200 in 12ms
 GET /api/escalations 200 in 35ms
 GET /api/runtime/health 200 in 37ms
 GET /api/escalations 200 in 13ms
 GET /api/escalations 200 in 11ms
 GET /api/escalations 200 in 12ms
 GET /api/escalations 200 in 12ms
 GET /api/escalations 200 in 33ms
 GET /api/runtime/health 200 in 35ms
 GET /api/escalations 200 in 12ms
 GET /api/escalations 200 in 17ms
 GET /api/escalations 200 in 11ms
 GET /api/escalations 200 in 41ms
 GET /api/runtime/health 200 in 42ms
 GET /api/escalations 200 in 11ms
 GET /api/escalations 200 in 14ms
 GET /api/escalations 200 in 11ms
 GET /api/escalations 200 in 36ms
 GET /api/runtime/health 200 in 39ms
 GET /api/escalations 200 in 14ms
 GET /api/escalations 200 in 14ms
 GET /api/escalations 200 in 13ms
 GET /api/escalations 200 in 45ms
 GET /api/escalations 200 in 39ms
 GET /api/runtime/health 200 in 41ms
 GET /api/escalations 200 in 14ms
 GET /api/escalations 200 in 13ms
 GET /api/escalations 200 in 11ms
 GET /api/escalations 200 in 11ms
 GET /api/runtime/health 200 in 31ms
 GET /api/escalations 200 in 11ms
 GET /api/escalations 200 in 11ms
 GET /api/escalations 200 in 12ms
 GET /api/escalations 200 in 15ms
 GET /api/escalations 200 in 36ms
 GET /api/runtime/health 200 in 39ms
 GET /api/escalations 200 in 11ms
 GET /api/escalations 200 in 12ms
 GET /api/escalations 200 in 12ms
 GET /api/escalations 200 in 18ms
 GET /api/runtime/health 200 in 42ms
 GET /api/escalations 200 in 15ms
 GET /api/escalations 200 in 12ms
 GET /api/escalations 200 in 11ms
 GET /api/escalations 200 in 12ms
 GET /api/escalations 200 in 16ms
 GET /api/runtime/health 200 in 33ms
 GET /api/escalations 200 in 27ms
 GET /api/escalations 200 in 11ms
 GET /api/escalations 200 in 13ms
 GET /api/escalations 200 in 21ms
 GET /api/runtime/health 200 in 52ms
 GET /api/escalations 200 in 13ms
 GET /api/escalations 200 in 12ms
 GET /api/escalations 200 in 14ms
 GET /api/escalations 200 in 14ms
 GET /api/escalations 200 in 22ms
 GET /api/runtime/health 200 in 44ms
 GET /api/escalations 200 in 16ms
 GET /api/escalations 200 in 10ms
 GET /api/escalations 200 in 11ms
 GET /api/runtime/health 200 in 42ms
 GET /api/escalations 200 in 14ms
 GET /api/escalations 200 in 11ms
 GET /api/escalations 200 in 11ms
 GET /api/escalations 200 in 13ms
 GET /api/escalations 200 in 37ms
 GET /api/runtime/health 200 in 40ms
 GET /api/escalations 200 in 12ms
 GET /api/escalations 200 in 15ms
 GET /api/escalations 200 in 11ms
 GET /api/escalations 200 in 45ms
 GET /api/runtime/health 200 in 46ms
 GET /api/escalations 200 in 12ms
 GET /api/escalations 200 in 11ms
 GET /api/escalations 200 in 11ms
 GET /api/escalations 200 in 35ms
 GET /api/runtime/health 200 in 37ms
 GET /api/escalations 200 in 13ms
 GET /api/escalations 200 in 14ms
 GET /api/escalations 200 in 14ms
 GET /api/escalations 200 in 11ms
 GET /api/runtime/health 200 in 27ms
 GET /api/escalations 200 in 14ms
 GET /api/escalations 200 in 15ms
 GET /api/escalations 200 in 12ms
 GET /api/escalations 200 in 18ms
 GET /api/escalations 200 in 33ms
 GET /api/runtime/health 200 in 36ms
 GET /api/escalations 200 in 13ms
 GET /api/escalations 200 in 13ms
 GET /api/escalations 200 in 20ms
 GET /api/escalations 200 in 19ms
 GET /api/runtime/health 200 in 43ms
 GET /api/escalations 200 in 14ms
 GET /api/escalations 200 in 11ms
 GET /api/escalations 200 in 12ms
 GET /api/escalations 200 in 34ms
 GET /api/runtime/health 200 in 36ms
 GET /api/escalations 200 in 12ms
 GET /api/escalations 200 in 21ms
 GET /api/escalations 200 in 14ms
 GET /api/escalations 200 in 37ms
 GET /api/runtime/health 200 in 41ms
 GET /api/escalations 200 in 12ms
 GET /api/escalations 200 in 12ms
 GET /api/escalations 200 in 15ms
 GET /api/escalations 200 in 32ms
 GET /api/runtime/health 200 in 35ms
 GET /api/escalations 200 in 16ms
 GET /api/escalations 200 in 12ms
 GET /api/escalations 200 in 16ms
 GET /api/escalations 200 in 13ms
 GET /api/escalations 200 in 38ms
 GET /api/runtime/health 200 in 40ms
 GET /api/escalations 200 in 12ms
 GET /api/escalations 200 in 11ms
 GET /api/escalations 200 in 19ms
 GET /api/escalations 200 in 12ms
 GET /api/escalations 200 in 40ms
 GET /api/runtime/health 200 in 41ms
 GET /api/escalations 200 in 12ms
 GET /api/escalations 200 in 13ms
 GET /api/escalations 200 in 12ms
 GET /api/escalations 200 in 13ms
 GET /api/escalations 200 in 36ms
 GET /api/runtime/health 200 in 39ms
 GET /api/escalations 200 in 13ms
 GET /api/escalations 200 in 12ms
 GET /api/escalations 200 in 13ms
 GET /api/escalations 200 in 34ms
 GET /api/runtime/health 200 in 37ms
 GET /api/escalations 200 in 12ms
 GET /api/escalations 200 in 12ms
 GET /api/escalations 200 in 12ms
 GET /api/escalations 200 in 33ms
 GET /api/runtime/health 200 in 36ms
 GET /api/escalations 200 in 11ms
 GET /api/escalations 200 in 11ms
 GET /api/escalations 200 in 12ms
 GET /api/escalations 200 in 12ms
 GET /api/escalations 200 in 39ms
 GET /api/runtime/health 200 in 43ms
 GET /api/escalations 200 in 13ms
 GET /api/escalations 200 in 12ms
 GET /api/escalations 200 in 17ms
 GET /api/escalations 200 in 11ms
 GET /api/escalations 200 in 37ms
 GET /api/runtime/health 200 in 41ms
 GET /api/escalations 200 in 11ms
 GET /api/escalations 200 in 11ms
 GET /api/escalations 200 in 13ms
 GET /api/runtime/health 200 in 34ms
 GET /api/escalations 200 in 16ms
 GET /api/escalations 200 in 15ms
 GET /api/escalations 200 in 12ms
 GET /api/escalations 200 in 13ms
 GET /api/escalations 200 in 40ms
 GET /api/runtime/health 200 in 52ms
 GET /api/escalations 200 in 13ms
 GET /api/escalations 200 in 13ms
 GET /api/escalations 200 in 11ms
 GET /api/escalations 200 in 13ms
 GET /api/runtime/health 200 in 34ms
 GET /api/escalations 200 in 13ms
 GET /api/escalations 200 in 11ms
 GET /api/escalations 200 in 12ms
 GET /api/escalations 200 in 37ms
 GET /api/runtime/health 200 in 38ms
 GET /api/escalations 200 in 13ms
 GET /api/escalations 200 in 14ms
 GET /api/escalations 200 in 13ms
 GET /api/escalations 200 in 33ms
 GET /api/runtime/health 200 in 36ms
 GET /api/escalations 200 in 17ms
 GET /api/escalations 200 in 15ms
 GET /api/escalations 200 in 12ms
 GET /api/escalations 200 in 15ms
 GET /api/escalations 200 in 37ms
 GET /api/runtime/health 200 in 41ms
 GET /api/escalations 200 in 13ms
 GET /api/escalations 200 in 12ms
 GET /api/escalations 200 in 14ms
 GET /api/escalations 200 in 16ms
 GET /api/escalations 200 in 38ms
 GET /api/runtime/health 200 in 41ms
 GET /api/escalations 200 in 15ms
 GET /api/escalations 200 in 12ms
 GET /api/escalations 200 in 14ms
 GET /api/escalations 200 in 41ms
 GET /api/runtime/health 200 in 43ms
 GET /api/escalations 200 in 11ms
 GET /api/escalations 200 in 12ms
 GET /api/escalations 200 in 12ms
 GET /api/escalations 200 in 10ms
 GET /api/escalations 200 in 37ms
 GET /api/runtime/health 200 in 40ms
 GET /api/escalations 200 in 15ms
 GET /api/escalations 200 in 10ms
 GET /api/escalations 200 in 13ms
 GET /api/escalations 200 in 16ms
 GET /api/escalations 200 in 34ms
 GET /api/runtime/health 200 in 37ms
 GET /api/escalations 200 in 13ms
 GET /api/escalations 200 in 13ms
 GET /api/escalations 200 in 12ms
 GET /api/escalations 200 in 13ms
 GET /api/escalations 200 in 19ms
 GET /api/runtime/health 200 in 40ms
 GET /api/escalations 200 in 11ms
 GET /api/escalations 200 in 13ms
 GET /api/escalations 200 in 14ms
 GET /api/escalations 200 in 41ms
 GET /api/runtime/health 200 in 45ms
 GET /api/escalations 200 in 12ms
 GET /api/escalations 200 in 12ms
 GET /api/escalations 200 in 12ms
 GET /api/escalations 200 in 13ms
 GET /api/escalations 200 in 37ms
 GET /api/runtime/health 200 in 39ms
 GET /api/escalations 200 in 18ms
 GET /api/escalations 200 in 15ms
 GET /api/escalations 200 in 32ms
 GET /api/runtime/health 200 in 35ms
 GET /api/escalations 200 in 12ms
 GET /api/escalations 200 in 17ms
 GET /api/escalations 200 in 13ms
 GET /api/escalations 200 in 11ms
 GET /api/escalations 200 in 59ms
 GET /api/runtime/health 200 in 48ms
 GET /api/escalations 200 in 13ms
 GET /api/escalations 200 in 11ms
 GET /api/escalations 200 in 13ms
 GET /api/escalations 200 in 34ms
 GET /api/runtime/health 200 in 38ms
 GET /api/escalations 200 in 12ms
 GET /api/escalations 200 in 11ms
 GET /api/escalations 200 in 11ms
 GET /api/escalations 200 in 14ms
 GET /api/escalations 200 in 39ms
 GET /api/runtime/health 200 in 41ms
 GET /api/escalations 200 in 15ms
 GET /api/escalations 200 in 16ms
 GET /api/escalations 200 in 13ms
 GET /api/escalations 200 in 12ms
 GET /api/escalations 200 in 23ms
 GET /api/runtime/health 200 in 53ms
 GET /api/escalations 200 in 17ms
 GET /api/escalations 200 in 17ms
 GET /api/escalations 200 in 15ms
 GET /api/escalations 200 in 11ms
 GET /api/escalations 200 in 35ms
 GET /api/runtime/health 200 in 36ms
 GET /api/escalations 200 in 11ms
 GET /api/escalations 200 in 15ms
 GET /api/escalations 200 in 13ms
 GET /api/runtime/health 200 in 31ms
 GET /api/escalations 200 in 12ms
 GET /api/escalations 200 in 11ms
 GET /api/escalations 200 in 12ms
 GET /api/escalations 200 in 33ms
 GET /api/runtime/health 200 in 33ms
 GET /api/escalations 200 in 12ms
 GET /api/escalations 200 in 11ms
 GET /api/escalations 200 in 12ms
 GET /api/escalations 200 in 15ms
 GET /api/escalations 200 in 33ms
 GET /api/runtime/health 200 in 35ms
 GET /api/escalations 200 in 11ms
 GET /api/escalations 200 in 11ms
 GET /api/escalations 200 in 13ms
 GET /api/escalations 200 in 11ms
 GET /api/escalations 200 in 43ms
 GET /api/runtime/health 200 in 45ms
 GET /api/escalations 200 in 11ms
 GET /api/escalations 200 in 10ms
 GET /api/escalations 200 in 39ms
 GET /api/runtime/health 200 in 41ms
 GET /api/escalations 200 in 11ms
 GET /api/escalations 200 in 11ms
 GET /api/escalations 200 in 14ms
 GET /api/escalations 200 in 33ms
 GET /api/runtime/health 200 in 35ms
 GET /api/escalations 200 in 12ms
 GET /api/escalations 200 in 11ms
 GET /api/escalations 200 in 16ms
 GET /api/runtime/health 200 in 34ms
 GET /api/escalations 200 in 11ms
 GET /api/escalations 200 in 13ms
 GET /api/escalations 200 in 11ms
 GET /api/escalations 200 in 10ms
 GET /api/escalations 200 in 34ms
 GET /api/runtime/health 200 in 38ms
 GET /api/escalations 200 in 13ms
 GET /api/escalations 200 in 13ms
 GET /api/escalations 200 in 11ms
 GET /api/escalations 200 in 15ms
 GET /api/escalations 200 in 38ms
 GET /api/runtime/health 200 in 43ms
 GET /api/escalations 200 in 14ms
 GET /api/escalations 200 in 17ms
 GET /api/escalations 200 in 10ms
 GET /api/escalations 200 in 11ms
 GET /api/escalations 200 in 16ms
 GET /api/runtime/health 200 in 41ms
 GET /api/escalations 200 in 12ms
 GET /api/escalations 200 in 12ms
 GET /api/escalations 200 in 12ms
 GET /api/escalations 200 in 17ms
 GET /api/runtime/health 200 in 36ms
 GET /api/escalations 200 in 12ms
 GET /api/escalations 200 in 10ms
 GET /api/escalations 200 in 13ms
 GET /api/escalations 200 in 12ms
 GET /api/escalations 200 in 34ms
 GET /api/runtime/health 200 in 38ms
 GET /api/escalations 200 in 11ms
 GET /api/escalations 200 in 17ms
 GET /api/escalations 200 in 13ms
 GET /api/escalations 200 in 10ms
 GET /api/escalations 200 in 58ms
 GET /api/runtime/health 200 in 63ms
 GET /api/escalations 200 in 13ms
 GET /api/escalations 200 in 14ms
 GET /api/escalations 200 in 16ms
 GET /api/escalations 200 in 14ms
 GET /api/escalations 200 in 35ms
 GET /api/runtime/health 200 in 38ms
 GET /api/escalations 200 in 15ms
 GET /api/escalations 200 in 12ms
 GET /api/escalations 200 in 13ms
 GET /api/escalations 200 in 16ms
 GET /api/escalations 200 in 16ms
 GET /api/runtime/health 200 in 39ms
 GET /api/escalations 200 in 12ms
 GET /api/escalations 200 in 11ms
 GET /api/escalations 200 in 11ms
 GET /api/escalations 200 in 34ms
 GET /api/runtime/health 200 in 37ms
 GET /api/escalations 200 in 12ms
 GET /api/escalations 200 in 12ms
 GET /api/escalations 200 in 14ms
 GET /api/escalations 200 in 35ms
 GET /api/runtime/health 200 in 38ms
 GET /api/escalations 200 in 15ms
 GET /api/escalations 200 in 13ms
 GET /api/escalations 200 in 38ms
 GET /api/escalations 200 in 12ms
 GET /api/escalations 200 in 33ms
 GET /api/runtime/health 200 in 37ms
 GET /api/escalations 200 in 14ms
 GET /api/escalations 200 in 11ms
 GET /api/escalations 200 in 12ms
 GET /api/escalations 200 in 13ms
 GET /api/runtime/health 200 in 26ms
 GET /api/escalations 200 in 11ms
 GET /api/escalations 200 in 16ms
 GET /api/escalations 200 in 11ms
 GET /api/escalations 200 in 16ms
 GET /api/escalations 200 in 37ms
 GET /api/runtime/health 200 in 40ms
 GET /api/escalations 200 in 14ms
 GET /api/escalations 200 in 12ms
 GET /api/escalations 200 in 18ms
 GET /api/escalations 200 in 37ms
 GET /api/runtime/health 200 in 40ms
 GET /api/escalations 200 in 14ms
 GET /api/escalations 200 in 12ms
 GET /api/escalations 200 in 14ms
 GET /api/escalations 200 in 17ms
 GET /api/escalations 200 in 34ms
 GET /api/runtime/health 200 in 38ms
 GET /api/escalations 200 in 13ms
 GET /api/escalations 200 in 11ms
 GET /api/escalations 200 in 16ms
 GET /api/escalations 200 in 39ms
 GET /api/runtime/health 200 in 41ms
 GET /api/escalations 200 in 11ms
 GET /api/escalations 200 in 11ms
 GET /api/escalations 200 in 45ms
 GET /api/runtime/health 200 in 46ms
 GET /api/escalations 200 in 13ms
 GET /api/escalations 200 in 12ms
 GET /api/escalations 200 in 20ms
 GET /api/escalations 200 in 21ms
 GET /api/runtime/health 200 in 39ms
 GET /api/escalations 200 in 13ms
 GET /api/escalations 200 in 13ms
 GET /api/escalations 200 in 22ms
 GET /api/escalations 200 in 15ms
 GET /api/escalations 200 in 39ms
 GET /api/runtime/health 200 in 42ms
 GET /api/escalations 200 in 15ms
 GET /api/escalations 200 in 12ms
 GET /api/escalations 200 in 11ms
 GET /api/escalations 200 in 13ms
 GET /api/escalations 200 in 31ms
 GET /api/runtime/health 200 in 35ms
 GET /api/escalations 200 in 13ms
 GET /api/escalations 200 in 15ms
 GET /api/escalations 200 in 12ms
 GET /api/escalations 200 in 35ms
 GET /api/runtime/health 200 in 42ms
 GET /api/escalations 200 in 11ms
 GET /api/escalations 200 in 11ms
 GET /api/escalations 200 in 15ms
 GET /api/escalations 200 in 14ms
 GET /api/runtime/health 200 in 36ms
 GET /api/escalations 200 in 16ms
 GET /api/escalations 200 in 20ms
 GET /api/escalations 200 in 12ms
 GET /api/escalations 200 in 16ms
 GET /api/runtime/health 200 in 36ms
 GET /api/escalations 200 in 12ms
 GET /api/escalations 200 in 13ms
 GET /api/escalations 200 in 14ms
 GET /api/escalations 200 in 19ms
 GET /api/runtime/health 200 in 39ms
 GET /api/escalations 200 in 12ms
 GET /api/escalations 200 in 12ms
 GET /api/escalations 200 in 17ms
 GET /api/escalations 200 in 12ms
 GET /api/escalations 200 in 37ms
 GET /api/runtime/health 200 in 46ms
 GET /api/escalations 200 in 12ms
 GET /api/escalations 200 in 14ms
 GET /api/escalations 200 in 14ms
 GET /api/escalations 200 in 15ms
 GET /api/escalations 200 in 39ms
 GET /api/runtime/health 200 in 39ms
 GET /api/escalations 200 in 18ms
 GET /api/escalations 200 in 12ms
 GET /api/escalations 200 in 11ms
 GET /api/escalations 200 in 35ms
 GET /api/runtime/health 200 in 37ms
 GET /api/escalations 200 in 12ms
 GET /api/escalations 200 in 15ms
 GET /api/escalations 200 in 25ms
 GET /api/escalations 200 in 13ms
 GET /api/escalations 200 in 39ms
 GET /api/runtime/health 200 in 43ms
 GET /api/escalations 200 in 13ms
 GET /api/escalations 200 in 12ms
 GET /api/escalations 200 in 11ms
 GET /api/escalations 200 in 36ms
 GET /api/runtime/health 200 in 39ms
 GET /api/escalations 200 in 11ms
 GET /api/escalations 200 in 11ms
 GET /api/escalations 200 in 13ms
 GET /api/escalations 200 in 36ms
 GET /api/runtime/health 200 in 39ms
 GET /api/escalations 200 in 11ms
 GET /api/escalations 200 in 12ms
 GET /api/escalations 200 in 12ms
 GET /api/escalations 200 in 11ms
 GET /api/escalations 200 in 36ms
 GET /api/runtime/health 200 in 39ms
 GET /api/escalations 200 in 11ms
 GET /api/escalations 200 in 13ms
 GET /api/escalations 200 in 13ms
 GET /api/escalations 200 in 14ms
 GET /api/escalations 200 in 36ms
 GET /api/runtime/health 200 in 38ms
 GET /api/escalations 200 in 14ms
 GET /api/escalations 200 in 13ms
 GET /api/escalations 200 in 36ms
 GET /api/runtime/health 200 in 36ms
 GET /api/escalations 200 in 13ms
 GET /api/escalations 200 in 11ms
 GET /api/escalations 200 in 12ms
 GET /api/escalations 200 in 12ms
 GET /api/runtime/health 200 in 28ms
 GET /api/escalations 200 in 13ms
 GET /api/escalations 200 in 12ms
 GET /api/escalations 200 in 13ms
 GET /api/escalations 200 in 12ms
 GET /api/escalations 200 in 36ms
 GET /api/runtime/health 200 in 38ms
 GET /api/escalations 200 in 11ms
 GET /api/escalations 200 in 12ms
 GET /api/escalations 200 in 22ms
 GET /api/escalations 200 in 39ms
 GET /api/runtime/health 200 in 46ms
 GET /api/escalations 200 in 13ms
 GET /api/escalations 200 in 11ms
 GET /api/escalations 200 in 13ms
 GET /api/escalations 200 in 13ms
 GET /api/escalations 200 in 35ms
 GET /api/runtime/health 200 in 39ms
 GET /api/escalations 200 in 13ms
 GET /api/escalations 200 in 14ms
 GET /api/escalations 200 in 13ms
 GET /api/escalations 200 in 12ms
 GET /api/escalations 200 in 44ms
 GET /api/runtime/health 200 in 76ms
 GET /api/escalations 200 in 13ms
 GET /api/escalations 200 in 15ms
 GET /api/escalations 200 in 10ms
 GET /api/escalations 200 in 11ms
 GET /api/escalations 200 in 39ms
 GET /api/runtime/health 200 in 39ms
 GET /api/escalations 200 in 12ms
 GET /api/escalations 200 in 12ms
 GET /api/escalations 200 in 17ms
 GET /api/escalations 200 in 20ms
 GET /api/runtime/health 200 in 46ms
 GET /api/escalations 200 in 14ms
 GET /api/escalations 200 in 12ms
 GET /api/escalations 200 in 12ms
 GET /api/escalations 200 in 37ms
 GET /api/runtime/health 200 in 42ms
 GET /api/escalations 200 in 17ms
 GET /api/escalations 200 in 16ms
 GET /api/escalations 200 in 11ms
 GET /api/escalations 200 in 11ms
 GET /api/escalations 200 in 35ms
 GET /api/runtime/health 200 in 38ms
 GET /api/escalations 200 in 13ms
 GET /api/escalations 200 in 17ms
 GET /api/escalations 200 in 13ms
 GET /api/escalations 200 in 16ms
 GET /api/escalations 200 in 37ms
 GET /api/runtime/health 200 in 40ms
 GET /api/escalations 200 in 12ms
 GET /api/escalations 200 in 14ms
 GET /api/escalations 200 in 16ms
 GET /api/escalations 200 in 13ms
 GET /api/runtime/health 200 in 31ms
 GET /api/escalations 200 in 14ms
 GET /api/escalations 200 in 14ms
 GET /api/escalations 200 in 11ms
 GET /api/escalations 200 in 12ms
 GET /api/escalations 200 in 32ms
 GET /api/runtime/health 200 in 35ms
 GET /api/escalations 200 in 15ms
 GET /api/escalations 200 in 18ms
 GET /api/escalations 200 in 12ms
 GET /api/escalations 200 in 11ms
 GET /api/escalations 200 in 34ms
 GET /api/runtime/health 200 in 36ms
 GET /api/escalations 200 in 11ms
 GET /api/escalations 200 in 11ms
 GET /api/escalations 200 in 11ms
 GET /api/runtime/health 200 in 27ms
 GET /api/escalations 200 in 12ms
 GET /api/escalations 200 in 13ms
 GET /api/escalations 200 in 14ms
 GET /api/escalations 200 in 11ms
 GET /api/escalations 200 in 43ms
 GET /api/runtime/health 200 in 45ms
 GET /api/escalations 200 in 11ms
 GET /api/escalations 200 in 11ms
 GET /api/escalations 200 in 15ms
 GET /api/escalations 200 in 14ms
 GET /api/escalations 200 in 35ms
 GET /api/runtime/health 200 in 37ms
 GET /api/escalations 200 in 19ms
 GET /api/escalations 200 in 12ms
 GET /api/escalations 200 in 38ms
 GET /api/runtime/health 200 in 38ms
 GET /api/escalations 200 in 11ms
 GET /api/escalations 200 in 11ms
 GET /api/escalations 200 in 11ms
 GET /api/runtime/health 200 in 31ms
 GET /api/escalations 200 in 12ms
 GET /api/escalations 200 in 11ms
 GET /api/escalations 200 in 13ms
 GET /api/escalations 200 in 35ms
 GET /api/runtime/health 200 in 38ms
 GET /api/escalations 200 in 11ms
 GET /api/escalations 200 in 13ms
 GET /api/escalations 200 in 15ms
 GET /api/escalations 200 in 13ms
 GET /api/escalations 200 in 37ms
 GET /api/runtime/health 200 in 39ms
 GET /api/escalations 200 in 15ms
 GET /api/escalations 200 in 15ms
 GET /api/escalations 200 in 13ms
 GET /api/escalations 200 in 11ms
 GET /api/escalations 200 in 43ms
 GET /api/runtime/health 200 in 45ms
 GET /api/escalations 200 in 12ms
 GET /api/escalations 200 in 11ms
 GET /api/escalations 200 in 14ms
 GET /api/escalations 200 in 12ms
 GET /api/escalations 200 in 38ms
 GET /api/runtime/health 200 in 38ms
 GET /api/escalations 200 in 12ms
 GET /api/escalations 200 in 12ms
 GET /api/escalations 200 in 12ms
 GET /api/escalations 200 in 36ms
 GET /api/runtime/health 200 in 38ms
 GET /api/escalations 200 in 27ms
 GET /api/escalations 200 in 12ms
 GET /api/escalations 200 in 10ms
 GET /api/escalations 200 in 12ms
 GET /api/escalations 200 in 32ms
 GET /api/runtime/health 200 in 36ms
 GET /api/escalations 200 in 11ms
 GET /api/escalations 200 in 12ms
 GET /api/escalations 200 in 11ms
 GET /api/escalations 200 in 32ms
 GET /api/runtime/health 200 in 34ms
 GET /api/escalations 200 in 12ms
 GET /api/escalations 200 in 17ms
 GET /api/escalations 200 in 17ms
 GET /api/escalations 200 in 44ms
 GET /api/runtime/health 200 in 37ms
 GET /api/escalations 200 in 16ms
 GET /api/escalations 200 in 12ms
 GET /api/escalations 200 in 12ms
 GET /api/escalations 200 in 13ms
 GET /api/escalations 200 in 33ms
 GET /api/runtime/health 200 in 36ms
 GET /api/escalations 200 in 11ms
 GET /api/escalations 200 in 12ms
 GET /api/escalations 200 in 14ms
 GET /api/escalations 200 in 13ms
 GET /api/escalations 200 in 42ms
 GET /api/runtime/health 200 in 45ms
 GET /api/escalations 200 in 15ms
 GET /api/escalations 200 in 12ms
 GET /api/escalations 200 in 13ms
 GET /api/escalations 200 in 37ms
 GET /api/runtime/health 200 in 40ms
 GET /api/escalations 200 in 17ms
 GET /api/escalations 200 in 12ms
 GET /api/escalations 200 in 14ms
 GET /api/escalations 200 in 13ms
 GET /api/escalations 200 in 39ms
 GET /api/runtime/health 200 in 42ms
 GET /api/escalations 200 in 11ms
 GET /api/escalations 200 in 11ms
 GET /api/escalations 200 in 11ms
 GET /api/escalations 200 in 33ms
 GET /api/runtime/health 200 in 34ms
 GET /api/escalations 200 in 12ms
 GET /api/escalations 200 in 11ms
 GET /api/escalations 200 in 12ms
 GET /api/escalations 200 in 13ms
 GET /api/escalations 200 in 35ms
 GET /api/runtime/health 200 in 37ms
 GET /api/escalations 200 in 14ms
 GET /api/escalations 200 in 12ms
 GET /api/escalations 200 in 13ms
 GET /api/escalations 200 in 33ms
 GET /api/runtime/health 200 in 35ms
 GET /api/escalations 200 in 14ms
 GET /api/escalations 200 in 12ms
 GET /api/escalations 200 in 13ms
 GET /api/escalations 200 in 18ms
 GET /api/runtime/health 200 in 29ms
 GET /api/escalations 200 in 12ms
 GET /api/escalations 200 in 12ms
 GET /api/escalations 200 in 15ms
 GET /api/escalations 200 in 14ms
 GET /api/escalations 200 in 33ms
 GET /api/runtime/health 200 in 35ms
 GET /api/escalations 200 in 13ms
 GET /api/escalations 200 in 12ms
 GET /api/escalations 200 in 11ms
 GET /api/escalations 200 in 15ms
 GET /api/escalations 200 in 38ms
 GET /api/runtime/health 200 in 42ms
 GET /api/escalations 200 in 13ms
 GET /api/escalations 200 in 15ms
 GET /api/escalations 200 in 11ms
 GET /api/escalations 200 in 36ms
 GET /api/runtime/health 200 in 38ms
 GET /api/escalations 200 in 15ms
 GET /api/escalations 200 in 12ms
 GET /api/escalations 200 in 12ms
 GET /api/escalations 200 in 12ms
 GET /api/escalations 200 in 37ms
 GET /api/runtime/health 200 in 40ms
 GET /api/escalations 200 in 13ms
 GET /api/escalations 200 in 12ms
 GET /api/escalations 200 in 14ms
 GET /api/escalations 200 in 13ms
 GET /api/escalations 200 in 63ms
 GET /api/runtime/health 200 in 65ms
 GET /api/escalations 200 in 14ms
 GET /api/escalations 200 in 12ms
 GET /api/escalations 200 in 12ms
 GET /api/escalations 200 in 13ms
 GET /api/escalations 200 in 26ms
 GET /api/runtime/health 200 in 49ms
 GET /api/escalations 200 in 12ms
 GET /api/escalations 200 in 11ms
 GET /api/escalations 200 in 14ms
 GET /api/escalations 200 in 11ms
 GET /api/escalations 200 in 39ms
 GET /api/runtime/health 200 in 43ms
 GET /api/escalations 200 in 15ms
 GET /api/escalations 200 in 12ms
 GET /api/escalations 200 in 13ms
 GET /api/runtime/health 200 in 30ms
 GET /api/escalations 200 in 12ms
 GET /api/escalations 200 in 11ms
 GET /api/escalations 200 in 14ms
 GET /api/escalations 200 in 14ms
 GET /api/escalations 200 in 36ms
 GET /api/runtime/health 200 in 38ms
 GET /api/escalations 200 in 12ms
 GET /api/escalations 200 in 12ms
 GET /api/escalations 200 in 13ms
 GET /api/escalations 200 in 10ms
 GET /api/escalations 200 in 38ms
 GET /api/runtime/health 200 in 43ms
 GET /api/escalations 200 in 14ms
 GET /api/escalations 200 in 15ms
 GET /api/escalations 200 in 14ms
 GET /api/escalations 200 in 35ms
 GET /api/runtime/health 200 in 36ms
 GET /api/escalations 200 in 13ms
 GET /api/escalations 200 in 13ms
 GET /api/escalations 200 in 14ms
 GET /api/escalations 200 in 34ms
 GET /api/runtime/health 200 in 37ms
 GET /api/escalations 200 in 12ms
 GET /api/escalations 200 in 12ms
 GET /api/escalations 200 in 419ms
 GET /api/escalations 200 in 12ms
 GET /api/escalations 200 in 42ms
 GET /api/runtime/health 200 in 43ms
 GET /api/escalations 200 in 16ms
 GET /api/escalations 200 in 12ms
 GET /api/escalations 200 in 14ms
 GET /api/escalations 200 in 13ms
 GET /api/escalations 200 in 41ms
 GET /api/runtime/health 200 in 44ms
 GET /api/escalations 200 in 12ms
 GET /api/escalations 200 in 17ms
 GET /api/escalations 200 in 14ms
 GET /api/escalations 200 in 35ms
 GET /api/runtime/health 200 in 37ms
 GET /api/escalations 200 in 12ms
 GET /api/escalations 200 in 13ms
 GET /api/escalations 200 in 15ms
 GET /api/escalations 200 in 36ms
 GET /api/runtime/health 200 in 39ms
 GET /api/escalations 200 in 11ms
 GET /api/escalations 200 in 13ms
 GET /api/escalations 200 in 12ms
 GET /api/escalations 200 in 11ms
 GET /api/escalations 200 in 18ms
 GET /api/runtime/health 200 in 41ms
 GET /api/escalations 200 in 14ms
 GET /api/escalations 200 in 13ms
 GET /api/escalations 200 in 12ms
 GET /api/escalations 200 in 11ms
 GET /api/escalations 200 in 34ms
 GET /api/runtime/health 200 in 36ms
 GET /api/escalations 200 in 12ms
 GET /api/escalations 200 in 12ms
 GET /api/escalations 200 in 15ms
 GET /api/escalations 200 in 11ms
 GET /api/escalations 200 in 38ms
 GET /api/runtime/health 200 in 40ms
 GET /api/escalations 200 in 13ms
 GET /api/escalations 200 in 17ms
 GET /api/escalations 200 in 11ms
 GET /api/escalations 200 in 34ms
 GET /api/runtime/health 200 in 36ms
 GET /api/escalations 200 in 11ms
 GET /api/escalations 200 in 14ms
 GET /api/escalations 200 in 15ms
 GET /api/runtime/health 200 in 30ms
 GET /api/escalations 200 in 11ms
 GET /api/escalations 200 in 13ms
 GET /api/escalations 200 in 12ms
 GET /api/escalations 200 in 13ms
 GET /api/escalations 200 in 35ms
 GET /api/runtime/health 200 in 52ms
 GET /api/escalations 200 in 12ms
 GET /api/escalations 200 in 13ms
 GET /api/escalations 200 in 12ms
 GET /api/escalations 200 in 37ms
 GET /api/runtime/health 200 in 38ms
 GET /api/escalations 200 in 14ms
 GET /api/escalations 200 in 14ms
 GET /api/escalations 200 in 14ms
 GET /api/escalations 200 in 11ms
 GET /api/runtime/health 200 in 35ms
 GET /api/escalations 200 in 13ms
 GET /api/escalations 200 in 13ms
 GET /api/escalations 200 in 14ms
 GET /api/escalations 200 in 15ms
 GET /api/escalations 200 in 33ms
 GET /api/runtime/health 200 in 34ms
 GET /api/escalations 200 in 14ms
 GET /api/escalations 200 in 10ms
 GET /api/escalations 200 in 14ms
 GET /api/escalations 200 in 33ms
 GET /api/runtime/health 200 in 37ms
 GET /api/escalations 200 in 16ms
 GET /api/escalations 200 in 13ms
 GET /api/escalations 200 in 11ms
 GET /api/escalations 200 in 12ms
 GET /api/escalations 200 in 15ms
 GET /api/runtime/health 200 in 35ms
 GET /api/escalations 200 in 14ms
 GET /api/escalations 200 in 11ms
 GET /api/escalations 200 in 11ms
 GET /api/escalations 200 in 11ms
 GET /api/escalations 200 in 13ms
 GET /api/runtime/health 200 in 36ms
 GET /api/escalations 200 in 10ms
 GET /api/escalations 200 in 14ms
 GET /api/escalations 200 in 11ms
 GET /api/escalations 200 in 35ms
 GET /api/runtime/health 200 in 37ms
 GET /api/escalations 200 in 11ms
 GET /api/escalations 200 in 13ms
 GET /api/escalations 200 in 13ms
 GET /api/escalations 200 in 37ms
 GET /api/runtime/health 200 in 39ms
 GET /api/escalations 200 in 11ms
 GET /api/escalations 200 in 10ms
 GET /api/escalations 200 in 12ms
 GET /api/escalations 200 in 11ms
 GET /api/escalations 200 in 35ms
 GET /api/runtime/health 200 in 37ms
 GET /api/escalations 200 in 12ms
 GET /api/escalations 200 in 14ms
 GET /api/escalations 200 in 11ms
 GET /api/escalations 200 in 11ms
 GET /api/escalations 200 in 34ms
 GET /api/runtime/health 200 in 36ms
 GET /api/escalations 200 in 16ms
 GET /api/escalations 200 in 41ms
 GET /api/escalations 200 in 14ms
 GET /api/escalations 200 in 10ms
 GET /api/escalations 200 in 35ms
 GET /api/runtime/health 200 in 37ms
 GET /api/escalations 200 in 12ms
 GET /api/escalations 200 in 11ms
 GET /api/escalations 200 in 11ms
 GET /api/escalations 200 in 40ms
 GET /api/runtime/health 200 in 43ms
 GET /api/escalations 200 in 17ms
 GET /api/escalations 200 in 15ms
 GET /api/escalations 200 in 12ms
 GET /api/escalations 200 in 17ms
 GET /api/escalations 200 in 37ms
 GET /api/runtime/health 200 in 41ms
 GET /api/escalations 200 in 14ms
 GET /api/escalations 200 in 12ms
 GET /api/escalations 200 in 12ms
 GET /api/escalations 200 in 36ms
 GET /api/runtime/health 200 in 40ms
 GET /api/escalations 200 in 15ms
 GET /api/escalations 200 in 13ms
 GET /api/escalations 200 in 12ms
 GET /api/escalations 200 in 12ms
 GET /api/escalations 200 in 36ms
 GET /api/runtime/health 200 in 38ms
 GET /api/escalations 200 in 15ms
 GET /api/escalations 200 in 13ms
 GET /api/escalations 200 in 12ms
 GET /api/escalations 200 in 13ms
 GET /api/escalations 200 in 38ms
 GET /api/runtime/health 200 in 40ms
 GET /api/escalations 200 in 22ms
 GET /api/escalations 200 in 11ms
 GET /api/escalations 200 in 12ms
 GET /api/runtime/health 200 in 30ms
 GET /api/escalations 200 in 13ms
 GET /api/escalations 200 in 14ms
 GET /api/escalations 200 in 11ms
 GET /api/escalations 200 in 13ms
 GET /api/escalations 200 in 38ms
 GET /api/runtime/health 200 in 40ms
 GET /api/escalations 200 in 12ms
 GET /api/escalations 200 in 12ms
 GET /api/escalations 200 in 15ms
 GET /api/escalations 200 in 12ms
 GET /api/runtime/health 200 in 27ms
 GET /api/escalations 200 in 17ms
 GET /api/escalations 200 in 13ms
 GET /api/escalations 200 in 14ms
 GET /api/escalations 200 in 12ms
 GET /api/escalations 200 in 36ms
 GET /api/runtime/health 200 in 38ms
 GET /api/escalations 200 in 16ms
 GET /api/escalations 200 in 15ms
 GET /api/escalations 200 in 12ms
 GET /api/escalations 200 in 35ms
 GET /api/runtime/health 200 in 38ms
 GET /api/escalations 200 in 12ms
 GET /api/escalations 200 in 13ms
 GET /api/escalations 200 in 12ms
 GET /api/escalations 200 in 35ms
 GET /api/runtime/health 200 in 38ms
 GET /api/escalations 200 in 13ms
 GET /api/escalations 200 in 11ms
 GET /api/escalations 200 in 12ms
 GET /api/escalations 200 in 13ms
 GET /api/runtime/health 200 in 26ms
 GET /api/escalations 200 in 13ms
 GET /api/escalations 200 in 12ms
 GET /api/escalations 200 in 12ms
 GET /api/escalations 200 in 16ms
 GET /api/escalations 200 in 37ms
 GET /api/runtime/health 200 in 39ms
 GET /api/escalations 200 in 14ms
 GET /api/escalations 200 in 11ms
 GET /api/escalations 200 in 12ms
 GET /api/escalations 200 in 11ms
 GET /api/escalations 200 in 15ms
 GET /api/runtime/health 200 in 37ms
 GET /api/escalations 200 in 12ms
 GET /api/escalations 200 in 11ms
 GET /api/escalations 200 in 11ms
 GET /api/escalations 200 in 13ms
 GET /api/runtime/health 200 in 33ms
 GET /api/escalations 200 in 34ms
 GET /api/escalations 200 in 12ms
 GET /api/escalations 200 in 10ms
 GET /api/escalations 200 in 38ms
 GET /api/runtime/health 200 in 40ms
 GET /api/escalations 200 in 22ms
 GET /api/escalations 200 in 12ms
 GET /api/escalations 200 in 13ms
 GET /api/escalations 200 in 10ms
 GET /api/escalations 200 in 39ms
 GET /api/runtime/health 200 in 42ms
 GET /api/escalations 200 in 10ms
 GET /api/escalations 200 in 13ms
 GET /api/escalations 200 in 12ms
 GET /api/escalations 200 in 36ms
 GET /api/runtime/health 200 in 38ms
 GET /api/escalations 200 in 13ms
 GET /api/escalations 200 in 14ms
 GET /api/escalations 200 in 12ms
 GET /api/escalations 200 in 13ms
 GET /api/escalations 200 in 37ms
 GET /api/runtime/health 200 in 41ms
 GET /api/escalations 200 in 17ms
 GET /api/escalations 200 in 15ms
 GET /api/escalations 200 in 12ms
 GET /api/escalations 200 in 13ms
 GET /api/escalations 200 in 37ms
 GET /api/runtime/health 200 in 40ms
 GET /api/escalations 200 in 15ms
 GET /api/escalations 200 in 11ms
 GET /api/escalations 200 in 16ms
 GET /api/escalations 200 in 21ms
 GET /api/runtime/health 200 in 44ms
 GET /api/escalations 200 in 13ms
 GET /api/escalations 200 in 13ms
 GET /api/escalations 200 in 17ms
 GET /api/escalations 200 in 13ms
 GET /api/escalations 200 in 35ms
 GET /api/runtime/health 200 in 36ms
 GET /api/escalations 200 in 11ms
 GET /api/escalations 200 in 12ms
 GET /api/escalations 200 in 19ms
 GET /api/escalations 200 in 60ms
 GET /api/runtime/health 200 in 63ms
 GET /api/escalations 200 in 16ms
 GET /api/escalations 200 in 15ms
 GET /api/escalations 200 in 13ms
 GET /api/escalations 200 in 16ms
 GET /api/runtime/health 200 in 41ms
 GET /api/escalations 200 in 14ms
 GET /api/escalations 200 in 15ms
 GET /api/escalations 200 in 11ms
 GET /api/escalations 200 in 10ms
 GET /api/escalations 200 in 35ms
 GET /api/runtime/health 200 in 37ms
 GET /api/escalations 200 in 12ms
 GET /api/escalations 200 in 13ms
 GET /api/escalations 200 in 14ms
 GET /api/escalations 200 in 18ms
 GET /api/runtime/health 200 in 39ms
 GET /api/escalations 200 in 12ms
 GET /api/escalations 200 in 12ms
 GET /api/escalations 200 in 15ms
 GET /api/escalations 200 in 40ms
 GET /api/runtime/health 200 in 42ms
 GET /api/escalations 200 in 15ms
 GET /api/escalations 200 in 10ms
 GET /api/escalations 200 in 13ms
 GET /api/escalations 200 in 11ms
 GET /api/escalations 200 in 35ms
 GET /api/runtime/health 200 in 37ms
 GET /api/escalations 200 in 13ms
 GET /api/escalations 200 in 14ms
 GET /api/escalations 200 in 16ms
 GET /api/escalations 200 in 38ms
 GET /api/runtime/health 200 in 40ms
 GET /api/escalations 200 in 15ms
 GET /api/escalations 200 in 15ms
 GET /api/escalations 200 in 11ms
 GET /api/escalations 200 in 20ms
 GET /api/runtime/health 200 in 42ms
 GET /api/escalations 200 in 12ms
 GET /api/escalations 200 in 13ms
 GET /api/escalations 200 in 14ms
 GET /api/escalations 200 in 12ms
 GET /api/escalations 200 in 33ms
 GET /api/runtime/health 200 in 36ms
 GET /api/escalations 200 in 15ms
 GET /api/escalations 200 in 14ms
 GET /api/escalations 200 in 13ms
 GET /api/escalations 200 in 12ms
 GET /api/escalations 200 in 35ms
 GET /api/runtime/health 200 in 37ms
 GET /api/escalations 200 in 14ms
 GET /api/escalations 200 in 14ms
 GET /api/escalations 200 in 11ms
 GET /api/escalations 200 in 39ms
 GET /api/runtime/health 200 in 42ms
 GET /api/escalations 200 in 11ms
 GET /api/escalations 200 in 12ms
 GET /api/escalations 200 in 11ms
 GET /api/escalations 200 in 11ms
 GET /api/escalations 200 in 37ms
 GET /api/runtime/health 200 in 38ms
 GET /api/escalations 200 in 15ms
 GET /api/escalations 200 in 11ms
 GET /api/escalations 200 in 12ms
 GET /api/escalations 200 in 12ms
 GET /api/runtime/health 200 in 35ms
 GET /api/escalations 200 in 18ms
 GET /api/escalations 200 in 16ms
 GET /api/escalations 200 in 13ms
 GET /api/escalations 200 in 12ms
 GET /api/escalations 200 in 37ms
 GET /api/runtime/health 200 in 40ms
 GET /api/escalations 200 in 12ms
 GET /api/escalations 200 in 17ms
 GET /api/escalations 200 in 14ms
 GET /api/escalations 200 in 37ms
 GET /api/runtime/health 200 in 38ms
 GET /api/escalations 200 in 13ms
 GET /api/escalations 200 in 13ms
 GET /api/escalations 200 in 13ms
 GET /api/escalations 200 in 55ms
 GET /api/runtime/health 200 in 57ms
 GET /api/escalations 200 in 10ms
 GET /api/escalations 200 in 13ms
 GET /api/escalations 200 in 16ms
 GET /api/escalations 200 in 12ms
 GET /api/escalations 200 in 37ms
 GET /api/runtime/health 200 in 39ms
 GET /api/escalations 200 in 10ms
 GET /api/escalations 200 in 14ms
 GET /api/escalations 200 in 11ms
 GET /api/escalations 200 in 11ms
 GET /api/escalations 200 in 35ms
 GET /api/runtime/health 200 in 37ms
 GET /api/escalations 200 in 27ms
 GET /api/escalations 200 in 13ms
 GET /api/escalations 200 in 16ms
 GET /api/escalations 200 in 15ms
 GET /api/escalations 200 in 32ms
 GET /api/runtime/health 200 in 35ms
 GET /api/escalations 200 in 14ms
 GET /api/escalations 200 in 12ms
 GET /api/escalations 200 in 12ms
 GET /api/escalations 200 in 31ms
 GET /api/runtime/health 200 in 33ms
 GET /api/escalations 200 in 12ms
 GET /api/escalations 200 in 11ms
 GET /api/escalations 200 in 11ms
 GET /api/escalations 200 in 13ms
 GET /api/escalations 200 in 41ms
 GET /api/runtime/health 200 in 44ms
 GET /api/escalations 200 in 11ms
 GET /api/escalations 200 in 11ms
 GET /api/escalations 200 in 11ms
 GET /api/escalations 200 in 15ms
 GET /api/runtime/health 200 in 37ms
 GET /api/escalations 200 in 13ms
 GET /api/escalations 200 in 13ms
 GET /api/escalations 200 in 12ms
 GET /api/escalations 200 in 35ms
 GET /api/runtime/health 200 in 39ms
 GET /api/escalations 200 in 12ms
 GET /api/escalations 200 in 12ms
 GET /api/escalations 200 in 12ms
 GET /api/escalations 200 in 12ms
 GET /api/escalations 200 in 34ms
 GET /api/runtime/health 200 in 38ms
 GET /api/escalations 200 in 11ms
 GET /api/escalations 200 in 12ms
 GET /api/escalations 200 in 12ms
 GET /api/escalations 200 in 15ms
 GET /api/escalations 200 in 34ms
 GET /api/runtime/health 200 in 37ms
 GET /api/escalations 200 in 17ms
 GET /api/escalations 200 in 11ms
 GET /api/escalations 200 in 14ms
 GET /api/runtime/health 200 in 27ms
 GET /api/escalations 200 in 13ms
 GET /api/escalations 200 in 13ms
 GET /api/escalations 200 in 11ms
 GET /api/escalations 200 in 12ms
 GET /api/escalations 200 in 50ms
 GET /api/runtime/health 200 in 53ms
 GET /api/escalations 200 in 11ms
 GET /api/escalations 200 in 10ms
 GET /api/escalations 200 in 16ms
 GET /api/escalations 200 in 35ms
 GET /api/runtime/health 200 in 39ms
 GET /api/escalations 200 in 12ms
 GET /api/escalations 200 in 12ms
 GET /api/escalations 200 in 13ms
 GET /api/escalations 200 in 16ms
 GET /api/runtime/health 200 in 40ms
 GET /api/escalations 200 in 18ms
 GET /api/escalations 200 in 11ms
 GET /api/escalations 200 in 15ms
 GET /api/escalations 200 in 12ms
 GET /api/escalations 200 in 39ms
 GET /api/runtime/health 200 in 43ms
 GET /api/escalations 200 in 12ms
 GET /api/escalations 200 in 12ms
 GET /api/escalations 200 in 12ms
 GET /api/escalations 200 in 13ms
 GET /api/escalations 200 in 39ms
 GET /api/runtime/health 200 in 41ms
 GET /api/escalations 200 in 15ms
 GET /api/escalations 200 in 13ms
 GET /api/escalations 200 in 41ms
 GET /api/escalations 200 in 35ms
 GET /api/runtime/health 200 in 39ms
 GET /api/escalations 200 in 12ms
 GET /api/escalations 200 in 12ms
 GET /api/escalations 200 in 13ms
 GET /api/runtime/health 200 in 27ms
 GET /api/escalations 200 in 12ms
 GET /api/escalations 200 in 10ms
 GET /api/escalations 200 in 13ms
 GET /api/escalations 200 in 11ms
 GET /api/escalations 200 in 35ms
 GET /api/runtime/health 200 in 38ms
 GET /api/escalations 200 in 12ms
 GET /api/escalations 200 in 14ms
 GET /api/escalations 200 in 14ms
 GET /api/escalations 200 in 11ms
 GET /api/escalations 200 in 33ms
 GET /api/runtime/health 200 in 36ms
 GET /api/escalations 200 in 13ms
 GET /api/escalations 200 in 13ms
 GET /api/escalations 200 in 14ms
 GET /api/escalations 200 in 33ms
 GET /api/runtime/health 200 in 35ms
 GET /api/escalations 200 in 14ms
 GET /api/escalations 200 in 16ms
 GET /api/escalations 200 in 14ms
 GET /api/escalations 200 in 31ms
 GET /api/runtime/health 200 in 54ms
 GET /api/escalations 200 in 11ms
 GET /api/escalations 200 in 11ms
 GET /api/escalations 200 in 12ms
 GET /api/escalations 200 in 19ms
 GET /api/escalations 200 in 36ms
 GET /api/runtime/health 200 in 43ms
 GET /api/escalations 200 in 12ms
 GET /api/escalations 200 in 11ms
 GET /api/escalations 200 in 12ms
 GET /api/escalations 200 in 34ms
 GET /api/runtime/health 200 in 36ms
 GET /api/escalations 200 in 11ms
 GET /api/escalations 200 in 10ms
 GET /api/escalations 200 in 10ms
 GET /api/escalations 200 in 35ms
 GET /api/runtime/health 200 in 37ms
 GET /api/escalations 200 in 12ms
 GET /api/escalations 200 in 13ms
 GET /api/escalations 200 in 11ms
 GET /api/escalations 200 in 11ms
 GET /api/escalations 200 in 35ms
 GET /api/runtime/health 200 in 39ms
 GET /api/escalations 200 in 12ms
 GET /api/escalations 200 in 13ms
 GET /api/escalations 200 in 11ms
 GET /api/escalations 200 in 10ms
 GET /api/escalations 200 in 18ms
 GET /api/runtime/health 200 in 40ms
 GET /api/escalations 200 in 14ms
 GET /api/escalations 200 in 13ms
 GET /api/escalations 200 in 14ms
 GET /api/escalations 200 in 38ms
 GET /api/runtime/health 200 in 42ms
 GET /api/escalations 200 in 18ms
 GET /api/escalations 200 in 16ms
 GET /api/escalations 200 in 11ms
 GET /api/escalations 200 in 44ms
 GET /api/runtime/health 200 in 47ms
 GET /api/escalations 200 in 11ms
 GET /api/escalations 200 in 14ms
 GET /api/escalations 200 in 15ms
 GET /api/escalations 200 in 39ms
 GET /api/runtime/health 200 in 43ms
 GET /api/escalations 200 in 14ms
 GET /api/escalations 200 in 22ms
 GET /api/escalations 200 in 14ms
 GET /api/escalations 200 in 40ms
 GET /api/runtime/health 200 in 40ms
 GET /api/escalations 200 in 19ms
 GET /api/escalations 200 in 15ms
 GET /api/escalations 200 in 13ms
 GET /api/escalations 200 in 16ms
 GET /api/escalations 200 in 13ms
 GET /api/runtime/health 200 in 35ms
 GET /api/escalations 200 in 11ms
 GET /api/escalations 200 in 12ms
 GET /api/escalations 200 in 19ms
 GET /api/runtime/health 200 in 28ms
 GET /api/escalations 200 in 13ms
 GET /api/escalations 200 in 15ms
 GET /api/escalations 200 in 12ms
 GET /api/escalations 200 in 13ms
 GET /api/escalations 200 in 37ms
 GET /api/runtime/health 200 in 41ms
 GET /api/escalations 200 in 13ms
 GET /api/escalations 200 in 12ms
 GET /api/escalations 200 in 13ms
 GET /api/escalations 200 in 12ms
 GET /api/escalations 200 in 39ms
 GET /api/runtime/health 200 in 40ms
 GET /api/escalations 200 in 13ms
 GET /api/escalations 200 in 14ms
 GET /api/escalations 200 in 20ms
 GET /api/escalations 200 in 12ms
 GET /api/escalations 200 in 35ms
 GET /api/runtime/health 200 in 39ms
 GET /api/escalations 200 in 11ms
 GET /api/escalations 200 in 12ms
 GET /api/escalations 200 in 12ms
 GET /api/escalations 200 in 38ms
 GET /api/runtime/health 200 in 41ms
 GET /api/escalations 200 in 12ms
 GET /api/escalations 200 in 12ms
 GET /api/escalations 200 in 11ms
 GET /api/escalations 200 in 11ms
 GET /api/escalations 200 in 23ms
 GET /api/runtime/health 200 in 45ms
 GET /api/escalations 200 in 12ms
 GET /api/escalations 200 in 11ms
 GET /api/escalations 200 in 12ms
 GET /api/escalations 200 in 39ms
 GET /api/runtime/health 200 in 41ms
 GET /api/escalations 200 in 12ms
 GET /api/escalations 200 in 12ms
 GET /api/escalations 200 in 10ms
 GET /api/escalations 200 in 13ms
 GET /api/escalations 200 in 16ms
 GET /api/runtime/health 200 in 44ms
 GET /api/escalations 200 in 11ms
 GET /api/escalations 200 in 12ms
 GET /api/escalations 200 in 12ms
 GET /api/escalations 200 in 11ms
 GET /api/escalations 200 in 34ms
 GET /api/runtime/health 200 in 40ms
 GET /api/escalations 200 in 14ms
 GET /api/escalations 200 in 13ms
 GET /api/escalations 200 in 11ms
 GET /api/escalations 200 in 32ms
 GET /api/runtime/health 200 in 33ms
 GET /api/escalations 200 in 12ms
 GET /api/escalations 200 in 12ms
 GET /api/escalations 200 in 14ms
 GET /api/escalations 200 in 16ms
 GET /api/escalations 200 in 15ms
 GET /api/runtime/health 200 in 39ms
 GET /api/escalations 200 in 11ms
 GET /api/escalations 200 in 12ms
 GET /api/escalations 200 in 11ms
 GET /api/escalations 200 in 10ms
 GET /api/escalations 200 in 14ms
 GET /api/runtime/health 200 in 37ms
 GET /api/escalations 200 in 11ms
 GET /api/escalations 200 in 11ms
 GET /api/escalations 200 in 11ms
 GET /api/escalations 200 in 12ms
 GET /api/escalations 200 in 16ms
 GET /api/runtime/health 200 in 36ms
 GET /api/escalations 200 in 12ms
 GET /api/escalations 200 in 13ms
 GET /api/escalations 200 in 14ms
 GET /api/escalations 200 in 14ms
 GET /api/runtime/health 200 in 35ms
 GET /api/escalations 200 in 13ms
 GET /api/escalations 200 in 10ms
 GET /api/escalations 200 in 14ms
 GET /api/escalations 200 in 12ms
 GET /api/runtime/health 200 in 26ms
 GET /api/escalations 200 in 12ms
 GET /api/escalations 200 in 12ms
 GET /api/escalations 200 in 13ms
 GET /api/escalations 200 in 12ms
 GET /api/escalations 200 in 35ms
 GET /api/runtime/health 200 in 36ms
 GET /api/escalations 200 in 13ms
 GET /api/escalations 200 in 11ms
 GET /api/escalations 200 in 21ms
 GET /api/escalations 200 in 14ms
 GET /api/escalations 200 in 36ms
 GET /api/runtime/health 200 in 39ms
 GET /api/escalations 200 in 13ms
 GET /api/escalations 200 in 13ms
 GET /api/escalations 200 in 10ms
 GET /api/escalations 200 in 35ms
 GET /api/runtime/health 200 in 37ms
 GET /api/escalations 200 in 13ms
 GET /api/escalations 200 in 12ms
 GET /api/escalations 200 in 11ms
 GET /api/escalations 200 in 32ms
 GET /api/runtime/health 200 in 34ms
 GET /api/escalations 200 in 11ms
 GET /api/escalations 200 in 12ms
 GET /api/escalations 200 in 11ms
 GET /api/escalations 200 in 12ms
 GET /api/escalations 200 in 37ms
 GET /api/runtime/health 200 in 39ms
 GET /api/escalations 200 in 13ms
 GET /api/escalations 200 in 14ms
 GET /api/escalations 200 in 14ms
 GET /api/escalations 200 in 13ms
 GET /api/escalations 200 in 37ms
 GET /api/runtime/health 200 in 38ms
 GET /api/escalations 200 in 11ms
 GET /api/escalations 200 in 11ms
 GET /api/escalations 200 in 12ms
 GET /api/escalations 200 in 36ms
 GET /api/runtime/health 200 in 37ms
 GET /api/escalations 200 in 11ms
 GET /api/escalations 200 in 11ms
 GET /api/escalations 200 in 30ms
 GET /api/escalations 200 in 33ms
 GET /api/runtime/health 200 in 35ms
 GET /api/escalations 200 in 13ms
 GET /api/escalations 200 in 12ms
 GET /api/escalations 200 in 12ms
 GET /api/escalations 200 in 11ms
 GET /api/escalations 200 in 15ms
 GET /api/runtime/health 200 in 38ms
 GET /api/escalations 200 in 12ms
 GET /api/escalations 200 in 12ms
 GET /api/escalations 200 in 14ms
 GET /api/escalations 200 in 15ms
 GET /api/escalations 200 in 15ms
 GET /api/runtime/health 200 in 38ms
 GET /api/escalations 200 in 11ms
 GET /api/escalations 200 in 13ms
 GET /api/escalations 200 in 12ms
 GET /api/escalations 200 in 12ms
 GET /api/escalations 200 in 37ms
 GET /api/runtime/health 200 in 40ms
 GET /api/escalations 200 in 14ms
 GET /api/escalations 200 in 13ms
 GET /api/escalations 200 in 13ms
 GET /api/escalations 200 in 40ms
 GET /api/runtime/health 200 in 41ms
 GET /api/escalations 200 in 42ms
 GET /api/escalations 200 in 12ms
 GET /api/escalations 200 in 11ms
 GET /api/escalations 200 in 12ms
 GET /api/escalations 200 in 41ms
 GET /api/runtime/health 200 in 46ms
 GET /api/escalations 200 in 21ms
 GET /api/escalations 200 in 13ms
 GET /api/escalations 200 in 13ms
 GET /api/escalations 200 in 12ms
 GET /api/escalations 200 in 15ms
 GET /api/runtime/health 200 in 35ms
 GET /api/escalations 200 in 11ms
 GET /api/escalations 200 in 11ms
 GET /api/escalations 200 in 12ms
 GET /api/escalations 200 in 34ms
 GET /api/runtime/health 200 in 35ms
 GET /api/escalations 200 in 12ms
 GET /api/escalations 200 in 12ms
 GET /api/escalations 200 in 11ms
 GET /api/runtime/health 200 in 28ms
 GET /api/escalations 200 in 11ms
 GET /api/escalations 200 in 13ms
 GET /api/escalations 200 in 12ms
 GET /api/escalations 200 in 10ms
 GET /api/runtime/health 200 in 30ms
 GET /api/escalations 200 in 11ms
 GET /api/escalations 200 in 28ms
 GET /api/escalations 200 in 16ms
 GET /api/escalations 200 in 15ms
 GET /api/escalations 200 in 33ms
 GET /api/runtime/health 200 in 36ms
 GET /api/escalations 200 in 18ms
 GET /api/escalations 200 in 10ms
 GET /api/escalations 200 in 13ms
 GET /api/escalations 200 in 16ms
 GET /api/escalations 200 in 34ms
 GET /api/runtime/health 200 in 37ms
 GET /api/escalations 200 in 12ms
 GET /api/escalations 200 in 10ms
 GET /api/escalations 200 in 13ms
 GET /api/escalations 200 in 40ms
 GET /api/runtime/health 200 in 41ms
 GET /api/escalations 200 in 21ms
 GET /api/escalations 200 in 14ms
 GET /api/escalations 200 in 13ms
 GET /api/escalations 200 in 34ms
 GET /api/runtime/health 200 in 36ms
 GET /api/escalations 200 in 11ms
 GET /api/escalations 200 in 14ms
 GET /api/escalations 200 in 10ms
 GET /api/escalations 200 in 39ms
 GET /api/runtime/health 200 in 41ms
 GET /api/escalations 200 in 12ms
 GET /api/escalations 200 in 11ms
 GET /api/escalations 200 in 11ms
 GET /api/escalations 200 in 11ms
 GET /api/escalations 200 in 15ms
 GET /api/runtime/health 200 in 36ms
 GET /api/escalations 200 in 14ms
 GET /api/escalations 200 in 13ms
 GET /api/escalations 200 in 12ms
 GET /api/escalations 200 in 33ms
 GET /api/runtime/health 200 in 36ms
 GET /api/escalations 200 in 11ms
 GET /api/escalations 200 in 25ms
 GET /api/escalations 200 in 13ms
 GET /api/escalations 200 in 43ms
 GET /api/runtime/health 200 in 42ms
 GET /api/escalations 200 in 16ms
 GET /api/escalations 200 in 13ms
 GET /api/escalations 200 in 20ms
 GET /api/runtime/health 200 in 42ms
 GET /api/escalations 200 in 15ms
 GET /api/escalations 200 in 13ms
 GET /api/escalations 200 in 13ms
 GET /api/escalations 200 in 37ms
 GET /api/runtime/health 200 in 39ms
 GET /api/escalations 200 in 12ms
 GET /api/escalations 200 in 14ms
 GET /api/escalations 200 in 13ms
 GET /api/runtime/health 200 in 31ms
 GET /api/escalations 200 in 18ms
 GET /api/escalations 200 in 13ms
 GET /api/escalations 200 in 12ms
 GET /api/escalations 200 in 13ms
 GET /api/escalations 200 in 38ms
 GET /api/runtime/health 200 in 37ms
 GET /api/escalations 200 in 13ms
 GET /api/escalations 200 in 16ms
 GET /api/escalations 200 in 12ms
 GET /api/escalations 200 in 14ms
 GET /api/escalations 200 in 37ms
 GET /api/runtime/health 200 in 40ms
 GET /api/escalations 200 in 14ms
 GET /api/escalations 200 in 17ms
 GET /api/escalations 200 in 13ms
 GET /api/escalations 200 in 35ms
 GET /api/runtime/health 200 in 44ms
 GET /api/escalations 200 in 12ms
 GET /api/escalations 200 in 16ms
 GET /api/escalations 200 in 10ms
 GET /api/escalations 200 in 13ms
 GET /api/runtime/health 200 in 29ms
 GET /api/escalations 200 in 15ms
 GET /api/escalations 200 in 17ms
 GET /api/escalations 200 in 12ms
 GET /api/escalations 200 in 11ms
 GET /api/escalations 200 in 42ms
 GET /api/runtime/health 200 in 45ms
 GET /api/escalations 200 in 13ms
 GET /api/escalations 200 in 12ms
 GET /api/escalations 200 in 12ms
 GET /api/escalations 200 in 12ms
 GET /api/escalations 200 in 14ms
 GET /api/runtime/health 200 in 35ms
 GET /api/escalations 200 in 14ms
 GET /api/escalations 200 in 12ms
 GET /api/escalations 200 in 13ms
 GET /api/escalations 200 in 17ms
 GET /api/escalations 200 in 35ms
 GET /api/runtime/health 200 in 37ms
 GET /api/escalations 200 in 12ms
 GET /api/escalations 200 in 13ms
 GET /api/escalations 200 in 12ms
 GET /api/escalations 200 in 40ms
 GET /api/runtime/health 200 in 42ms
 GET /api/escalations 200 in 15ms
 GET /api/escalations 200 in 11ms
 GET /api/escalations 200 in 11ms
 GET /api/escalations 200 in 13ms
 GET /api/escalations 200 in 15ms
 GET /api/runtime/health 200 in 37ms
 GET /api/escalations 200 in 19ms
 GET /api/escalations 200 in 10ms
 GET /api/escalations 200 in 11ms
 GET /api/escalations 200 in 34ms
 GET /api/runtime/health 200 in 37ms
 GET /api/escalations 200 in 11ms
 GET /api/escalations 200 in 12ms
 GET /api/escalations 200 in 12ms
 GET /api/escalations 200 in 12ms
 GET /api/escalations 200 in 15ms
 GET /api/runtime/health 200 in 35ms
 GET /api/escalations 200 in 13ms
 GET /api/escalations 200 in 12ms
 GET /api/escalations 200 in 23ms
 GET /api/runtime/health 200 in 52ms
 GET /api/escalations 200 in 14ms
 GET /api/escalations 200 in 16ms
 GET /api/escalations 200 in 14ms
 GET /api/escalations 200 in 14ms
 GET /api/escalations 200 in 43ms
 GET /api/runtime/health 200 in 44ms
 GET /api/escalations 200 in 13ms
 GET /api/escalations 200 in 15ms
 GET /api/escalations 200 in 16ms
 GET /api/escalations 200 in 16ms
 GET /api/escalations 200 in 44ms
 GET /api/runtime/health 200 in 47ms
 GET /api/escalations 200 in 17ms
 GET /api/escalations 200 in 16ms
 GET /api/escalations 200 in 15ms
 GET /api/runtime/health 200 in 51ms
 GET /api/escalations 200 in 36ms
 GET /api/escalations 200 in 13ms
 GET /api/escalations 200 in 26ms
 GET /api/escalations 200 in 22ms
 GET /api/escalations 200 in 56ms
 GET /api/runtime/health 200 in 59ms
 GET /api/escalations 200 in 13ms
 GET /api/escalations 200 in 19ms
 GET /api/escalations 200 in 16ms
 GET /api/escalations 200 in 35ms
 GET /api/runtime/health 200 in 37ms
 GET /api/escalations 200 in 12ms
 GET /api/escalations 200 in 11ms
 GET /api/escalations 200 in 29ms
 GET /api/escalations 200 in 10ms
 GET /api/runtime/health 200 in 27ms
 GET /api/escalations 200 in 12ms
 GET /api/escalations 200 in 14ms
 GET /api/escalations 200 in 16ms
 GET /api/escalations 200 in 13ms
 GET /api/escalations 200 in 17ms
 GET /api/runtime/health 200 in 38ms
 GET /api/escalations 200 in 11ms
 GET /api/escalations 200 in 12ms
 GET /api/escalations 200 in 11ms
 GET /api/escalations 200 in 12ms
 GET /api/escalations 200 in 24ms
 GET /api/runtime/health 200 in 46ms
 GET /api/escalations 200 in 16ms
 GET /api/escalations 200 in 11ms
 GET /api/escalations 200 in 12ms
 GET /api/escalations 200 in 36ms
 GET /api/runtime/health 200 in 39ms
 GET /api/escalations 200 in 11ms
 GET /api/escalations 200 in 11ms
 GET /api/escalations 200 in 12ms
 GET /api/escalations 200 in 11ms
 GET /api/escalations 200 in 34ms
 GET /api/runtime/health 200 in 37ms
 GET /api/escalations 200 in 12ms
 GET /api/escalations 200 in 13ms
 GET /api/escalations 200 in 27ms
 GET /api/escalations 200 in 34ms
 GET /api/runtime/health 200 in 37ms
 GET /api/escalations 200 in 12ms
 GET /api/escalations 200 in 12ms
 GET /api/escalations 200 in 12ms
 GET /api/escalations 200 in 37ms
 GET /api/runtime/health 200 in 36ms
 GET /api/escalations 200 in 15ms
 GET /api/escalations 200 in 11ms
 GET /api/escalations 200 in 10ms
 GET /api/escalations 200 in 12ms
 GET /api/escalations 200 in 32ms
 GET /api/runtime/health 200 in 36ms
 GET /api/escalations 200 in 14ms
 GET /api/escalations 200 in 13ms
 GET /api/escalations 200 in 14ms
 GET /api/escalations 200 in 12ms
 GET /api/escalations 200 in 35ms
 GET /api/runtime/health 200 in 38ms
 GET /api/escalations 200 in 11ms
 GET /api/escalations 200 in 13ms
 GET /api/escalations 200 in 15ms
 GET /api/escalations 200 in 13ms
 GET /api/escalations 200 in 35ms
 GET /api/runtime/health 200 in 38ms
 GET /api/escalations 200 in 14ms
 GET /api/escalations 200 in 12ms
 GET /api/escalations 200 in 11ms
 GET /api/escalations 200 in 12ms
 GET /api/escalations 200 in 43ms
 GET /api/runtime/health 200 in 46ms
 GET /api/escalations 200 in 12ms
 GET /api/escalations 200 in 25ms
 GET /api/escalations 200 in 12ms
 GET /api/escalations 200 in 35ms
 GET /api/runtime/health 200 in 39ms
 GET /api/escalations 200 in 13ms
 GET /api/escalations 200 in 16ms
 GET /api/escalations 200 in 13ms
 GET /api/escalations 200 in 32ms
 GET /api/runtime/health 200 in 35ms
 GET /api/escalations 200 in 12ms
 GET /api/escalations 200 in 12ms
 GET /api/escalations 200 in 13ms
 GET /api/escalations 200 in 16ms
 GET /api/escalations 200 in 46ms
 GET /api/runtime/health 200 in 50ms
 GET /api/escalations 200 in 12ms
 GET /api/escalations 200 in 21ms
 GET /api/escalations 200 in 17ms
 GET /api/escalations 200 in 38ms
 GET /api/runtime/health 200 in 40ms
 GET /api/escalations 200 in 18ms
 GET /api/escalations 200 in 13ms
 GET /api/escalations 200 in 12ms
 GET /api/escalations 200 in 12ms
 GET /api/escalations 200 in 39ms
 GET /api/runtime/health 200 in 41ms
 GET /api/escalations 200 in 42ms
 GET /api/escalations 200 in 11ms
 GET /api/escalations 200 in 11ms
 GET /api/escalations 200 in 10ms
 GET /api/escalations 200 in 33ms
 GET /api/runtime/health 200 in 37ms
 GET /api/escalations 200 in 13ms
 GET /api/escalations 200 in 14ms
 GET /api/escalations 200 in 14ms
 GET /api/escalations 200 in 36ms
 GET /api/runtime/health 200 in 37ms
 GET /api/escalations 200 in 12ms
 GET /api/escalations 200 in 11ms
 GET /api/escalations 200 in 14ms
 GET /api/escalations 200 in 10ms
 GET /api/escalations 200 in 34ms
 GET /api/runtime/health 200 in 38ms
 GET /api/escalations 200 in 11ms
 GET /api/escalations 200 in 11ms
 GET /api/escalations 200 in 11ms
 GET /api/escalations 200 in 13ms
 GET /api/escalations 200 in 37ms
 GET /api/runtime/health 200 in 39ms
 GET /api/escalations 200 in 14ms
 GET /api/escalations 200 in 12ms
 GET /api/escalations 200 in 12ms
 GET /api/escalations 200 in 16ms
 GET /api/runtime/health 200 in 35ms
 GET /api/escalations 200 in 37ms
 GET /api/escalations 200 in 13ms
 GET /api/escalations 200 in 11ms
 GET /api/escalations 200 in 11ms
 GET /api/escalations 200 in 41ms
 GET /api/runtime/health 200 in 43ms
 GET /api/escalations 200 in 14ms
 GET /api/escalations 200 in 14ms
 GET /api/escalations 200 in 11ms
 GET /api/escalations 200 in 14ms
 GET /api/escalations 200 in 37ms
 GET /api/runtime/health 200 in 39ms
 GET /api/escalations 200 in 11ms
 GET /api/escalations 200 in 15ms
 GET /api/escalations 200 in 11ms
 GET /api/escalations 200 in 14ms
 GET /api/runtime/health 200 in 37ms
 GET /api/escalations 200 in 13ms
 GET /api/escalations 200 in 12ms
 GET /api/escalations 200 in 11ms
 GET /api/escalations 200 in 12ms
 GET /api/escalations 200 in 36ms
 GET /api/runtime/health 200 in 37ms
 GET /api/escalations 200 in 16ms
 GET /api/escalations 200 in 12ms
 GET /api/escalations 200 in 12ms
 GET /api/escalations 200 in 33ms
 GET /api/runtime/health 200 in 36ms
 GET /api/escalations 200 in 11ms
 GET /api/escalations 200 in 11ms
 GET /api/escalations 200 in 11ms
 GET /api/escalations 200 in 35ms
 GET /api/runtime/health 200 in 39ms
 GET /api/escalations 200 in 16ms
 GET /api/escalations 200 in 15ms
 GET /api/escalations 200 in 16ms
 GET /api/escalations 200 in 12ms
 GET /api/escalations 200 in 32ms
 GET /api/runtime/health 200 in 36ms
 GET /api/escalations 200 in 13ms
 GET /api/escalations 200 in 14ms
 GET /api/escalations 200 in 14ms
 GET /api/escalations 200 in 12ms
 GET /api/runtime/health 200 in 23ms
 GET /api/escalations 200 in 11ms
 GET /api/escalations 200 in 24ms
 GET /api/escalations 200 in 12ms
 GET /api/escalations 200 in 13ms
 GET /api/escalations 200 in 39ms
 GET /api/runtime/health 200 in 39ms
 GET /api/escalations 200 in 16ms
 GET /api/escalations 200 in 15ms
 GET /api/escalations 200 in 13ms
 GET /api/escalations 200 in 12ms
 GET /api/escalations 200 in 37ms
 GET /api/runtime/health 200 in 38ms
 GET /api/escalations 200 in 14ms
 GET /api/escalations 200 in 18ms
 GET /api/escalations 200 in 12ms
 GET /api/escalations 200 in 14ms
 GET /api/escalations 200 in 40ms
 GET /api/runtime/health 200 in 40ms
 GET /api/escalations 200 in 15ms
 GET /api/escalations 200 in 18ms
 GET /api/escalations 200 in 14ms
 GET /api/escalations 200 in 15ms
 GET /api/escalations 200 in 39ms
 GET /api/runtime/health 200 in 42ms
 GET /api/escalations 200 in 14ms
 GET /api/escalations 200 in 15ms
 GET /api/escalations 200 in 14ms
 GET /api/escalations 200 in 19ms
 GET /api/runtime/health 200 in 40ms
 GET /api/escalations 200 in 12ms
 GET /api/escalations 200 in 17ms
 GET /api/escalations 200 in 17ms
 GET /api/escalations 200 in 13ms
 GET /api/escalations 200 in 33ms
 GET /api/runtime/health 200 in 35ms
 GET /api/escalations 200 in 13ms
 GET /api/escalations 200 in 12ms
 GET /api/escalations 200 in 12ms
 GET /api/escalations 200 in 15ms
 GET /api/runtime/health 200 in 39ms
 GET /api/escalations 200 in 11ms
 GET /api/escalations 200 in 10ms
 GET /api/escalations 200 in 12ms
 GET /api/escalations 200 in 13ms
 GET /api/escalations 200 in 40ms
 GET /api/runtime/health 200 in 41ms
 GET /api/escalations 200 in 12ms
 GET /api/escalations 200 in 11ms
 GET /api/escalations 200 in 10ms
 GET /api/escalations 200 in 11ms
 GET /api/escalations 200 in 35ms
 GET /api/runtime/health 200 in 36ms
 GET /api/escalations 200 in 18ms
 GET /api/escalations 200 in 12ms
 GET /api/escalations 200 in 12ms
 GET /api/escalations 200 in 12ms
 GET /api/escalations 200 in 36ms
 GET /api/runtime/health 200 in 40ms
 GET /api/escalations 200 in 18ms
 GET /api/escalations 200 in 22ms
 GET /api/escalations 200 in 12ms
 GET /api/escalations 200 in 32ms
 GET /api/runtime/health 200 in 33ms
 GET /api/escalations 200 in 10ms
 GET /api/escalations 200 in 11ms
 GET /api/escalations 200 in 12ms
 GET /api/escalations 200 in 36ms
 GET /api/runtime/health 200 in 38ms
 GET /api/escalations 200 in 14ms
 GET /api/escalations 200 in 13ms
 GET /api/escalations 200 in 10ms
 GET /api/escalations 200 in 13ms
 GET /api/escalations 200 in 15ms
 GET /api/runtime/health 200 in 38ms
 GET /api/escalations 200 in 12ms
 GET /api/escalations 200 in 14ms
 GET /api/escalations 200 in 11ms
 GET /api/escalations 200 in 11ms
 GET /api/escalations 200 in 33ms
 GET /api/runtime/health 200 in 36ms
 GET /api/escalations 200 in 14ms
 GET /api/escalations 200 in 14ms
 GET /api/escalations 200 in 18ms
 GET /api/escalations 200 in 35ms
 GET /api/runtime/health 200 in 39ms
 GET /api/escalations 200 in 13ms
 GET /api/escalations 200 in 12ms
 GET /api/escalations 200 in 11ms
 GET /api/escalations 200 in 32ms
 GET /api/runtime/health 200 in 35ms
 GET /api/escalations 200 in 14ms
 GET /api/escalations 200 in 10ms
 GET /api/escalations 200 in 19ms
 GET /api/escalations 200 in 33ms
 GET /api/runtime/health 200 in 35ms
 GET /api/escalations 200 in 11ms
 GET /api/escalations 200 in 14ms
 GET /api/escalations 200 in 18ms
 GET /api/escalations 200 in 16ms
 GET /api/escalations 200 in 34ms
 GET /api/runtime/health 200 in 36ms
 GET /api/escalations 200 in 12ms
 GET /api/escalations 200 in 15ms
 GET /api/escalations 200 in 11ms
 GET /api/escalations 200 in 13ms
 GET /api/escalations 200 in 33ms
 GET /api/runtime/health 200 in 35ms
 GET /api/escalations 200 in 14ms
 GET /api/escalations 200 in 14ms
 GET /api/escalations 200 in 11ms
 GET /api/escalations 200 in 24ms
 GET /api/escalations 200 in 35ms
 GET /api/runtime/health 200 in 37ms
 GET /api/escalations 200 in 14ms
 GET /api/escalations 200 in 11ms
 GET /api/escalations 200 in 12ms
 GET /api/runtime/health 200 in 26ms
 GET /api/escalations 200 in 15ms
 GET /api/escalations 200 in 13ms
 GET /api/escalations 200 in 12ms
 GET /api/escalations 200 in 15ms
 GET /api/escalations 200 in 32ms
 GET /api/runtime/health 200 in 34ms
 GET /api/escalations 200 in 16ms
 GET /api/escalations 200 in 13ms
 GET /api/escalations 200 in 13ms
 GET /api/escalations 200 in 37ms
 GET /api/runtime/health 200 in 38ms
 GET /api/escalations 200 in 13ms
 GET /api/escalations 200 in 13ms
 GET /api/escalations 200 in 12ms
 GET /api/escalations 200 in 13ms
 GET /api/escalations 200 in 33ms
 GET /api/runtime/health 200 in 34ms
 GET /api/escalations 200 in 12ms
 GET /api/escalations 200 in 12ms
 GET /api/escalations 200 in 12ms
 GET /api/escalations 200 in 15ms
 GET /api/escalations 200 in 15ms
 GET /api/runtime/health 200 in 36ms
 GET /api/escalations 200 in 12ms
 GET /api/escalations 200 in 12ms
 GET /api/escalations 200 in 12ms
 GET /api/escalations 200 in 14ms
 GET /api/escalations 200 in 33ms
 GET /api/runtime/health 200 in 36ms
 GET /api/escalations 200 in 12ms
 GET /api/escalations 200 in 12ms
 GET /api/escalations 200 in 15ms
 GET /api/escalations 200 in 35ms
 GET /api/runtime/health 200 in 39ms
 GET /api/escalations 200 in 12ms
 GET /api/escalations 200 in 11ms
 GET /api/escalations 200 in 12ms
 GET /api/escalations 200 in 63ms
 GET /api/runtime/health 200 in 67ms
 GET /api/escalations 200 in 13ms
 GET /api/escalations 200 in 10ms
 GET /api/escalations 200 in 11ms
 GET /api/escalations 200 in 10ms
 GET /api/escalations 200 in 31ms
 GET /api/runtime/health 200 in 33ms
 GET /api/escalations 200 in 12ms
 GET /api/escalations 200 in 15ms
 GET /api/escalations 200 in 10ms
 GET /api/escalations 200 in 10ms
 GET /api/escalations 200 in 36ms
 GET /api/runtime/health 200 in 40ms
 GET /api/escalations 200 in 11ms
 GET /api/escalations 200 in 11ms
 GET /api/escalations 200 in 10ms
 GET /api/escalations 200 in 10ms
 GET /api/escalations 200 in 33ms
 GET /api/runtime/health 200 in 35ms
 GET /api/escalations 200 in 11ms
 GET /api/escalations 200 in 11ms
 GET /api/escalations 200 in 12ms
 GET /api/escalations 200 in 33ms
 GET /api/runtime/health 200 in 33ms
 GET /api/escalations 200 in 13ms
 GET /api/escalations 200 in 10ms
 GET /api/escalations 200 in 11ms
 GET /api/escalations 200 in 33ms
 GET /api/runtime/health 200 in 34ms
 GET /api/escalations 200 in 12ms
 GET /api/escalations 200 in 11ms
 GET /api/escalations 200 in 10ms
 GET /api/escalations 200 in 33ms
 GET /api/runtime/health 200 in 36ms
 GET /api/escalations 200 in 12ms
 GET /api/escalations 200 in 11ms
 GET /api/escalations 200 in 10ms
 GET /api/escalations 200 in 10ms
 GET /api/escalations 200 in 38ms
 GET /api/runtime/health 200 in 38ms
 GET /api/escalations 200 in 18ms
 GET /api/escalations 200 in 12ms
 GET /api/escalations 200 in 10ms
 GET /api/escalations 200 in 11ms
 GET /api/escalations 200 in 40ms
 GET /api/runtime/health 200 in 45ms
 GET /api/escalations 200 in 12ms
 GET /api/escalations 200 in 11ms
 GET /api/escalations 200 in 12ms
 GET /api/runtime/health 200 in 28ms
 GET /api/escalations 200 in 13ms
 GET /api/escalations 200 in 14ms
 GET /api/escalations 200 in 12ms
 GET /api/escalations 200 in 36ms
 GET /api/runtime/health 200 in 39ms
 GET /api/escalations 200 in 13ms
 GET /api/escalations 200 in 15ms
 GET /api/escalations 200 in 13ms
 GET /api/escalations 200 in 13ms
 GET /api/runtime/health 200 in 56ms
 GET /api/escalations 200 in 11ms
 GET /api/escalations 200 in 12ms
 GET /api/escalations 200 in 12ms
 GET /api/escalations 200 in 11ms
 GET /api/escalations 200 in 35ms
 GET /api/runtime/health 200 in 37ms
 GET /api/escalations 200 in 12ms
 GET /api/escalations 200 in 12ms
 GET /api/escalations 200 in 12ms
 GET /api/escalations 200 in 14ms
 GET /api/runtime/health 200 in 35ms
 GET /api/escalations 200 in 11ms
 GET /api/escalations 200 in 11ms
 GET /api/escalations 200 in 12ms
 GET /api/escalations 200 in 13ms
 GET /api/escalations 200 in 34ms
 GET /api/runtime/health 200 in 38ms
 GET /api/escalations 200 in 13ms
 GET /api/escalations 200 in 14ms
 GET /api/escalations 200 in 13ms
 GET /api/escalations 200 in 14ms
 GET /api/escalations 200 in 37ms
 GET /api/runtime/health 200 in 39ms
 GET /api/escalations 200 in 11ms
 GET /api/escalations 200 in 11ms
 GET /api/escalations 200 in 11ms
 GET /api/escalations 200 in 61ms
 GET /api/runtime/health 200 in 63ms
 GET /api/escalations 200 in 12ms
 GET /api/escalations 200 in 11ms
 GET /api/escalations 200 in 13ms
 GET /api/escalations 200 in 15ms
 GET /api/escalations 200 in 36ms
 GET /api/runtime/health 200 in 39ms
 GET /api/escalations 200 in 11ms
 GET /api/escalations 200 in 11ms
 GET /api/escalations 200 in 12ms
 GET /api/escalations 200 in 12ms
 GET /api/escalations 200 in 15ms
 GET /api/runtime/health 200 in 36ms
 GET /api/escalations 200 in 11ms
 GET /api/escalations 200 in 13ms
 GET /api/escalations 200 in 10ms
 GET /api/escalations 200 in 32ms
 GET /api/runtime/health 200 in 35ms
 GET /api/escalations 200 in 13ms
 GET /api/escalations 200 in 16ms
 GET /api/escalations 200 in 11ms
 GET /api/escalations 200 in 14ms
 GET /api/escalations 200 in 35ms
 GET /api/runtime/health 200 in 38ms
 GET /api/escalations 200 in 12ms
 GET /api/escalations 200 in 18ms
 GET /api/escalations 200 in 10ms
 GET /api/escalations 200 in 12ms
 GET /api/escalations 200 in 44ms
 GET /api/runtime/health 200 in 47ms
 GET /api/escalations 200 in 17ms
 GET /api/escalations 200 in 12ms
 GET /api/escalations 200 in 10ms
 GET /api/escalations 200 in 10ms
 GET /api/escalations 200 in 43ms
 GET /api/runtime/health 200 in 47ms
 GET /api/escalations 200 in 13ms
 GET /api/escalations 200 in 12ms
 GET /api/escalations 200 in 17ms
 GET /api/escalations 200 in 56ms
 GET /api/runtime/health 200 in 58ms
 GET /api/escalations 200 in 16ms
 GET /api/escalations 200 in 11ms
 GET /api/escalations 200 in 21ms
 GET /api/escalations 200 in 38ms
 GET /api/runtime/health 200 in 40ms
 GET /api/escalations 200 in 18ms
 GET /api/escalations 200 in 13ms
 GET /api/escalations 200 in 16ms
 GET /api/escalations 200 in 14ms
 GET /api/escalations 200 in 43ms
 GET /api/runtime/health 200 in 43ms
 GET /api/escalations 200 in 14ms
 GET /api/escalations 200 in 16ms
 GET /api/escalations 200 in 14ms
 GET /api/escalations 200 in 16ms
 GET /api/runtime/health 200 in 42ms
 GET /api/escalations 200 in 13ms
 GET /api/escalations 200 in 17ms
 GET /api/escalations 200 in 14ms
 GET /api/escalations 200 in 34ms
 GET /api/runtime/health 200 in 37ms
 GET /api/escalations 200 in 15ms
 GET /api/escalations 200 in 11ms
 GET /api/escalations 200 in 13ms
 GET /api/escalations 200 in 14ms
 GET /api/escalations 200 in 34ms
 GET /api/runtime/health 200 in 36ms
 GET /api/escalations 200 in 24ms
 GET /api/escalations 200 in 11ms
 GET /api/escalations 200 in 13ms
 GET /api/escalations 200 in 17ms
 GET /api/runtime/health 200 in 46ms
 GET /api/escalations 200 in 11ms
 GET /api/escalations 200 in 11ms
 GET /api/escalations 200 in 13ms
 GET /api/escalations 200 in 13ms
 GET /api/escalations 200 in 38ms
 GET /api/runtime/health 200 in 40ms
 GET /api/escalations 200 in 15ms
 GET /api/escalations 200 in 12ms
 GET /api/escalations 200 in 11ms
 GET /api/escalations 200 in 11ms
 GET /api/escalations 200 in 38ms
 GET /api/runtime/health 200 in 39ms
 GET /api/escalations 200 in 13ms
 GET /api/escalations 200 in 12ms
 GET /api/escalations 200 in 12ms
 GET /api/escalations 200 in 13ms
 GET /api/escalations 200 in 35ms
 GET /api/runtime/health 200 in 37ms
 GET /api/escalations 200 in 12ms
 GET /api/escalations 200 in 11ms
 GET /api/escalations 200 in 20ms
 GET /api/escalations 200 in 35ms
 GET /api/runtime/health 200 in 38ms
 GET /api/escalations 200 in 14ms
 GET /api/escalations 200 in 14ms
 GET /api/escalations 200 in 13ms
 GET /api/escalations 200 in 14ms
 GET /api/runtime/health 200 in 36ms
 GET /api/escalations 200 in 11ms
 GET /api/escalations 200 in 11ms
 GET /api/escalations 200 in 10ms
 GET /api/escalations 200 in 12ms
 GET /api/escalations 200 in 32ms
 GET /api/runtime/health 200 in 34ms
 GET /api/escalations 200 in 11ms
 GET /api/escalations 200 in 13ms
 GET /api/escalations 200 in 11ms
 GET /api/escalations 200 in 35ms
 GET /api/runtime/health 200 in 37ms
 GET /api/escalations 200 in 11ms
 GET /api/escalations 200 in 11ms
 GET /api/escalations 200 in 12ms
 GET /api/escalations 200 in 21ms
 GET /api/escalations 200 in 14ms
 GET /api/runtime/health 200 in 34ms
 GET /api/escalations 200 in 12ms
 GET /api/escalations 200 in 16ms
 GET /api/escalations 200 in 12ms
 GET /api/escalations 200 in 13ms
 GET /api/escalations 200 in 34ms
 GET /api/runtime/health 200 in 36ms
 GET /api/escalations 200 in 12ms
 GET /api/escalations 200 in 13ms
 GET /api/escalations 200 in 11ms
 GET /api/escalations 200 in 41ms
 GET /api/runtime/health 200 in 45ms
 GET /api/escalations 200 in 15ms
 GET /api/escalations 200 in 11ms
 GET /api/escalations 200 in 15ms
 GET /api/escalations 200 in 13ms
 GET /api/escalations 200 in 34ms
 GET /api/runtime/health 200 in 37ms
 GET /api/escalations 200 in 11ms
 GET /api/escalations 200 in 12ms
 GET /api/escalations 200 in 16ms
 GET /api/escalations 200 in 32ms
 GET /api/runtime/health 200 in 35ms
 GET /api/escalations 200 in 12ms
 GET /api/escalations 200 in 13ms
 GET /api/escalations 200 in 12ms
 GET /api/escalations 200 in 39ms
 GET /api/runtime/health 200 in 41ms
 GET /api/escalations 200 in 21ms
 GET /api/escalations 200 in 11ms
 GET /api/escalations 200 in 10ms
 GET /api/escalations 200 in 12ms
 GET /api/escalations 200 in 34ms
 GET /api/runtime/health 200 in 37ms
 GET /api/escalations 200 in 15ms
 GET /api/escalations 200 in 12ms
 GET /api/escalations 200 in 11ms
 GET /api/escalations 200 in 10ms
 GET /api/escalations 200 in 35ms
 GET /api/runtime/health 200 in 37ms
 GET /api/escalations 200 in 12ms
 GET /api/escalations 200 in 37ms
 GET /api/escalations 200 in 11ms
 GET /api/escalations 200 in 33ms
 GET /api/runtime/health 200 in 37ms
 GET /api/escalations 200 in 12ms
 GET /api/escalations 200 in 11ms
 GET /api/escalations 200 in 11ms
 GET /api/escalations 200 in 14ms
 GET /api/escalations 200 in 34ms
 GET /api/runtime/health 200 in 37ms
 GET /api/escalations 200 in 12ms
 GET /api/escalations 200 in 13ms
 GET /api/escalations 200 in 14ms
 GET /api/escalations 200 in 13ms
 GET /api/escalations 200 in 39ms
 GET /api/runtime/health 200 in 42ms
 GET /api/escalations 200 in 18ms
 GET /api/escalations 200 in 14ms
 GET /api/escalations 200 in 11ms
 GET /api/escalations 200 in 13ms
 GET /api/escalations 200 in 39ms
 GET /api/runtime/health 200 in 42ms
 GET /api/escalations 200 in 12ms
 GET /api/escalations 200 in 14ms
 GET /api/escalations 200 in 12ms
 GET /api/escalations 200 in 35ms
 GET /api/runtime/health 200 in 37ms
 GET /api/escalations 200 in 12ms
 GET /api/escalations 200 in 12ms
 GET /api/escalations 200 in 14ms
 GET /api/escalations 200 in 11ms
 GET /api/escalations 200 in 62ms
 GET /api/runtime/health 200 in 44ms
 GET /api/escalations 200 in 13ms
 GET /api/escalations 200 in 12ms
 GET /api/escalations 200 in 11ms
 GET /api/escalations 200 in 12ms
 GET /api/escalations 200 in 33ms
 GET /api/runtime/health 200 in 37ms
 GET /api/escalations 200 in 12ms
 GET /api/escalations 200 in 14ms
 GET /api/escalations 200 in 14ms
 GET /api/escalations 200 in 14ms
 GET /api/escalations 200 in 34ms
 GET /api/runtime/health 200 in 36ms
 GET /api/escalations 200 in 14ms
 GET /api/escalations 200 in 12ms
 GET /api/escalations 200 in 12ms
 GET /api/escalations 200 in 16ms
 GET /api/runtime/health 200 in 38ms
 GET /api/escalations 200 in 16ms
 GET /api/escalations 200 in 11ms
 GET /api/escalations 200 in 12ms
 GET /api/escalations 200 in 14ms
 GET /api/escalations 200 in 39ms
 GET /api/runtime/health 200 in 40ms
 GET /api/escalations 200 in 14ms
 GET /api/escalations 200 in 12ms
 GET /api/escalations 200 in 16ms
 GET /api/escalations 200 in 37ms
 GET /api/runtime/health 200 in 39ms
 GET /api/escalations 200 in 12ms
 GET /api/escalations 200 in 13ms
 GET /api/escalations 200 in 12ms
 GET /api/escalations 200 in 33ms
 GET /api/runtime/health 200 in 37ms
 GET /api/escalations 200 in 13ms
 GET /api/escalations 200 in 11ms
 GET /api/escalations 200 in 36ms
 GET /api/runtime/health 200 in 37ms
 GET /api/escalations 200 in 12ms
 GET /api/escalations 200 in 12ms
 GET /api/escalations 200 in 11ms
 GET /api/escalations 200 in 11ms
 GET /api/escalations 200 in 33ms
 GET /api/runtime/health 200 in 36ms
 GET /api/escalations 200 in 14ms
 GET /api/escalations 200 in 13ms
 GET /api/escalations 200 in 13ms
 GET /api/escalations 200 in 16ms
 GET /api/runtime/health 200 in 40ms
 GET /api/escalations 200 in 11ms
 GET /api/escalations 200 in 13ms
 GET /api/escalations 200 in 11ms
 GET /api/escalations 200 in 33ms
 GET /api/runtime/health 200 in 35ms
 GET /api/escalations 200 in 11ms
 GET /api/escalations 200 in 12ms
 GET /api/escalations 200 in 11ms
 GET /api/escalations 200 in 11ms
 GET /api/escalations 200 in 36ms
 GET /api/runtime/health 200 in 39ms
 GET /api/escalations 200 in 25ms
 GET /api/escalations 200 in 18ms
 GET /api/escalations 200 in 11ms
 GET /api/escalations 200 in 36ms
 GET /api/runtime/health 200 in 40ms
 GET /api/escalations 200 in 12ms
 GET /api/escalations 200 in 12ms
 GET /api/escalations 200 in 10ms
 GET /api/escalations 200 in 10ms
 GET /api/escalations 200 in 35ms
 GET /api/runtime/health 200 in 36ms
 GET /api/escalations 200 in 17ms
 GET /api/escalations 200 in 10ms
 GET /api/escalations 200 in 13ms
 GET /api/runtime/health 200 in 25ms
 GET /api/escalations 200 in 13ms
 GET /api/escalations 200 in 11ms
 GET /api/escalations 200 in 11ms
 GET /api/escalations 200 in 11ms
 GET /api/escalations 200 in 16ms
 GET /api/runtime/health 200 in 37ms
 GET /api/escalations 200 in 11ms
 GET /api/escalations 200 in 17ms
 GET /api/escalations 200 in 12ms
 GET /api/escalations 200 in 11ms
 GET /api/escalations 200 in 56ms
 GET /api/runtime/health 200 in 58ms
 GET /api/escalations 200 in 13ms
 GET /api/escalations 200 in 12ms
 GET /api/escalations 200 in 12ms
 GET /api/escalations 200 in 14ms
 GET /api/runtime/health 200 in 39ms
 GET /api/escalations 200 in 11ms
 GET /api/escalations 200 in 11ms
 GET /api/escalations 200 in 11ms
 GET /api/escalations 200 in 37ms
 GET /api/runtime/health 200 in 39ms
 GET /api/escalations 200 in 10ms
 GET /api/escalations 200 in 13ms
 GET /api/escalations 200 in 11ms
 GET /api/escalations 200 in 10ms
 GET /api/escalations 200 in 36ms
 GET /api/runtime/health 200 in 38ms
 GET /api/escalations 200 in 12ms
 GET /api/escalations 200 in 10ms
 GET /api/escalations 200 in 10ms
 GET /api/escalations 200 in 10ms
 GET /api/escalations 200 in 32ms
 GET /api/runtime/health 200 in 36ms
 GET /api/escalations 200 in 11ms
 GET /api/escalations 200 in 13ms
 GET /api/escalations 200 in 10ms
 GET /api/escalations 200 in 11ms
 GET /api/escalations 200 in 58ms
 GET /api/runtime/health 200 in 59ms
 GET /api/escalations 200 in 11ms
 GET /api/escalations 200 in 10ms
 GET /api/escalations 200 in 20ms
 GET /api/runtime/health 200 in 29ms
 GET /api/escalations 200 in 11ms
 GET /api/escalations 200 in 11ms
 GET /api/escalations 200 in 15ms
 GET /api/escalations 200 in 11ms
 GET /api/runtime/health 200 in 32ms
 GET /api/escalations 200 in 11ms
 GET /api/escalations 200 in 11ms
 GET /api/escalations 200 in 11ms
 GET /api/escalations 200 in 11ms
 GET /api/escalations 200 in 35ms
 GET /api/runtime/health 200 in 38ms
 GET /api/escalations 200 in 12ms
 GET /api/escalations 200 in 14ms
 GET /api/escalations 200 in 11ms
 GET /api/escalations 200 in 40ms
 GET /api/runtime/health 200 in 42ms
 GET /api/escalations 200 in 13ms
 GET /api/escalations 200 in 12ms
 GET /api/escalations 200 in 13ms
 GET /api/escalations 200 in 36ms
 GET /api/runtime/health 200 in 40ms
 GET /api/escalations 200 in 12ms
 GET /api/escalations 200 in 37ms
 GET /api/escalations 200 in 11ms
 GET /api/escalations 200 in 35ms
 GET /api/runtime/health 200 in 37ms
 GET /api/escalations 200 in 16ms
 GET /api/escalations 200 in 12ms
 GET /api/escalations 200 in 11ms
 GET /api/escalations 200 in 10ms
 GET /api/escalations 200 in 33ms
 GET /api/runtime/health 200 in 34ms
 GET /api/escalations 200 in 16ms
 GET /api/escalations 200 in 14ms
 GET /api/escalations 200 in 28ms
 GET /api/escalations 200 in 14ms
 GET /api/escalations 200 in 44ms
 GET /api/runtime/health 200 in 45ms
 GET /api/escalations 200 in 14ms
 GET /api/escalations 200 in 13ms
 GET /api/escalations 200 in 15ms
 GET /api/escalations 200 in 11ms
 GET /api/runtime/health 200 in 28ms
 GET /api/escalations 200 in 834ms
 GET /api/escalations 200 in 10ms
 GET /api/escalations 200 in 10ms
 GET /api/escalations 200 in 16ms
 GET /api/escalations 200 in 15ms
 GET /api/runtime/health 200 in 39ms
 GET /api/escalations 200 in 11ms
 GET /api/escalations 200 in 16ms
 GET /api/escalations 200 in 10ms
 GET /api/escalations 200 in 38ms
 GET /api/runtime/health 200 in 41ms
 GET /api/escalations 200 in 13ms
 GET /api/escalations 200 in 12ms
 GET /api/escalations 200 in 11ms
 GET /api/escalations 200 in 16ms
 GET /api/escalations 200 in 34ms
 GET /api/runtime/health 200 in 35ms
 GET /api/escalations 200 in 14ms
 GET /api/escalations 200 in 11ms
 GET /api/escalations 200 in 12ms
 GET /api/escalations 200 in 17ms
 GET /api/escalations 200 in 39ms
 GET /api/runtime/health 200 in 42ms
 GET /api/escalations 200 in 13ms
 GET /api/escalations 200 in 16ms
 GET /api/escalations 200 in 13ms
 GET /api/escalations 200 in 34ms
 GET /api/runtime/health 200 in 36ms
 GET /api/escalations 200 in 13ms
 GET /api/escalations 200 in 13ms
 GET /api/escalations 200 in 13ms
 GET /api/escalations 200 in 14ms
 GET /api/escalations 200 in 34ms
 GET /api/runtime/health 200 in 36ms
 GET /api/escalations 200 in 13ms
 GET /api/escalations 200 in 17ms
 GET /api/escalations 200 in 41ms
 GET /api/runtime/health 200 in 42ms
 GET /api/escalations 200 in 16ms
 GET /api/escalations 200 in 12ms
 GET /api/escalations 200 in 10ms
 GET /api/escalations 200 in 13ms
 GET /api/escalations 200 in 33ms
 GET /api/runtime/health 200 in 36ms
 GET /api/escalations 200 in 12ms
 GET /api/escalations 200 in 20ms
 GET /api/escalations 200 in 11ms
 GET /api/escalations 200 in 11ms
 GET /api/escalations 200 in 14ms
 GET /api/runtime/health 200 in 35ms
 GET /api/escalations 200 in 13ms
 GET /api/escalations 200 in 13ms
 GET /api/escalations 200 in 20ms
 GET /api/escalations 200 in 14ms
 GET /api/escalations 200 in 32ms
 GET /api/runtime/health 200 in 34ms
 GET /api/escalations 200 in 12ms
 GET /api/escalations 200 in 11ms
 GET /api/escalations 200 in 12ms
 GET /api/escalations 200 in 12ms
 GET /api/escalations 200 in 36ms
 GET /api/runtime/health 200 in 38ms
 GET /api/escalations 200 in 12ms
 GET /api/escalations 200 in 12ms
 GET /api/escalations 200 in 15ms
 GET /api/runtime/health 200 in 31ms
 GET /api/escalations 200 in 12ms
 GET /api/escalations 200 in 19ms
 GET /api/escalations 200 in 14ms
 GET /api/escalations 200 in 15ms
 GET /api/runtime/health 200 in 39ms
 GET /api/escalations 200 in 11ms
 GET /api/escalations 200 in 13ms
 GET /api/escalations 200 in 12ms
 GET /api/escalations 200 in 15ms
 GET /api/escalations 200 in 37ms
 GET /api/runtime/health 200 in 38ms
 GET /api/escalations 200 in 12ms
 GET /api/escalations 200 in 15ms
 GET /api/escalations 200 in 12ms
 GET /api/escalations 200 in 56ms
 GET /api/runtime/health 200 in 59ms
 GET /api/escalations 200 in 13ms
 GET /api/escalations 200 in 23ms
 GET /api/escalations 200 in 15ms
 GET /api/escalations 200 in 38ms
 GET /api/runtime/health 200 in 41ms
 GET /api/escalations 200 in 12ms
 GET /api/escalations 200 in 11ms
 GET /api/escalations 200 in 10ms
 GET /api/escalations 200 in 11ms
 GET /api/escalations 200 in 36ms
 GET /api/runtime/health 200 in 39ms
 GET /api/escalations 200 in 11ms
 GET /api/escalations 200 in 10ms
 GET /api/escalations 200 in 12ms
 GET /api/escalations 200 in 17ms
 GET /api/escalations 200 in 43ms
 GET /api/runtime/health 200 in 40ms
 GET /api/escalations 200 in 11ms
 GET /api/escalations 200 in 11ms
 GET /api/escalations 200 in 14ms
 GET /api/escalations 200 in 40ms
 GET /api/runtime/health 200 in 43ms
 GET /api/escalations 200 in 11ms
 GET /api/escalations 200 in 13ms
 GET /api/escalations 200 in 12ms
 GET /api/escalations 200 in 14ms
 GET /api/escalations 200 in 32ms
 GET /api/runtime/health 200 in 35ms
 GET /api/escalations 200 in 35ms
 GET /api/escalations 200 in 14ms
 GET /api/escalations 200 in 12ms
 GET /api/escalations 200 in 40ms
 GET /api/runtime/health 200 in 43ms
 GET /api/escalations 200 in 12ms
 GET /api/escalations 200 in 11ms
 GET /api/escalations 200 in 12ms
 GET /api/escalations 200 in 36ms
 GET /api/runtime/health 200 in 37ms
 GET /api/escalations 200 in 15ms
 GET /api/escalations 200 in 13ms
 GET /api/escalations 200 in 13ms
 GET /api/escalations 200 in 12ms
 GET /api/escalations 200 in 38ms
 GET /api/runtime/health 200 in 40ms
 GET /api/escalations 200 in 17ms
 GET /api/escalations 200 in 14ms
 GET /api/escalations 200 in 14ms
 GET /api/escalations 200 in 19ms
 GET /api/runtime/health 200 in 41ms
 GET /api/escalations 200 in 19ms
 GET /api/escalations 200 in 14ms
 GET /api/escalations 200 in 19ms
 GET /api/escalations 200 in 40ms
 GET /api/runtime/health 200 in 42ms
 GET /api/escalations 200 in 12ms
 GET /api/escalations 200 in 15ms
 GET /api/escalations 200 in 11ms
 GET /api/escalations 200 in 38ms
 GET /api/runtime/health 200 in 43ms
 GET /api/escalations 200 in 28ms
 GET /api/escalations 200 in 13ms
 GET /api/escalations 200 in 12ms
 GET /api/escalations 200 in 11ms
 GET /api/runtime/health 200 in 28ms
 GET /api/escalations 200 in 15ms
 GET /api/escalations 200 in 12ms
 GET /api/escalations 200 in 11ms
 GET /api/escalations 200 in 12ms
 GET /api/escalations 200 in 14ms
 GET /api/runtime/health 200 in 34ms
 GET /api/escalations 200 in 11ms
 GET /api/escalations 200 in 12ms
 GET /api/escalations 200 in 15ms
 GET /api/runtime/health 200 in 30ms
 GET /api/escalations 200 in 14ms
 GET /api/escalations 200 in 11ms
 GET /api/escalations 200 in 14ms
 GET /api/escalations 200 in 14ms
 GET /api/escalations 200 in 40ms
 GET /api/runtime/health 200 in 43ms
 GET /api/escalations 200 in 13ms
 GET /api/escalations 200 in 14ms
 GET /api/escalations 200 in 14ms
 GET /api/escalations 200 in 13ms
 GET /api/escalations 200 in 33ms
 GET /api/runtime/health 200 in 36ms
 GET /api/escalations 200 in 15ms
 GET /api/escalations 200 in 13ms
 GET /api/escalations 200 in 12ms
 GET /api/escalations 200 in 10ms
 GET /api/escalations 200 in 37ms
 GET /api/runtime/health 200 in 38ms
 GET /api/escalations 200 in 13ms
 GET /api/escalations 200 in 13ms
 GET /api/escalations 200 in 14ms
 GET /api/escalations 200 in 33ms
 GET /api/runtime/health 200 in 35ms
 GET /api/escalations 200 in 12ms
 GET /api/escalations 200 in 13ms
 GET /api/escalations 200 in 12ms
 GET /api/escalations 200 in 34ms
 GET /api/runtime/health 200 in 36ms
 GET /api/escalations 200 in 12ms
 GET /api/escalations 200 in 13ms
 GET /api/escalations 200 in 13ms
 GET /api/escalations 200 in 17ms
 GET /api/runtime/health 200 in 49ms
 GET /api/escalations 200 in 12ms
 GET /api/escalations 200 in 13ms
 GET /api/escalations 200 in 11ms
 GET /api/escalations 200 in 11ms
 GET /api/escalations 200 in 38ms
 GET /api/runtime/health 200 in 41ms
 GET /api/escalations 200 in 11ms
 GET /api/escalations 200 in 12ms
 GET /api/escalations 200 in 12ms
 GET /api/escalations 200 in 17ms
 GET /api/runtime/health 200 in 42ms
 GET /api/escalations 200 in 12ms
 GET /api/escalations 200 in 11ms
 GET /api/escalations 200 in 26ms
 GET /api/escalations 200 in 12ms
 GET /api/escalations 200 in 14ms
 GET /api/runtime/health 200 in 37ms
 GET /api/escalations 200 in 13ms
 GET /api/escalations 200 in 15ms
 GET /api/escalations 200 in 11ms
 GET /api/escalations 200 in 11ms
 GET /api/escalations 200 in 34ms
 GET /api/runtime/health 200 in 36ms
 GET /api/escalations 200 in 12ms
 GET /api/escalations 200 in 15ms
 GET /api/escalations 200 in 10ms
 GET /api/escalations 200 in 14ms
 GET /api/runtime/health 200 in 36ms
 GET /api/escalations 200 in 14ms
 GET /api/escalations 200 in 11ms
 GET /api/escalations 200 in 11ms
 GET /api/escalations 200 in 34ms
 GET /api/runtime/health 200 in 36ms
 GET /api/escalations 200 in 12ms
 GET /api/escalations 200 in 11ms
 GET /api/escalations 200 in 11ms
 GET /api/escalations 200 in 33ms
 GET /api/runtime/health 200 in 35ms
 GET /api/escalations 200 in 13ms
 GET /api/escalations 200 in 44ms
 GET /api/escalations 200 in 12ms
 GET /api/escalations 200 in 36ms
 GET /api/runtime/health 200 in 38ms
 GET /api/escalations 200 in 13ms
 GET /api/escalations 200 in 12ms
 GET /api/escalations 200 in 12ms
 GET /api/escalations 200 in 13ms
 GET /api/escalations 200 in 18ms
 GET /api/runtime/health 200 in 40ms
 GET /api/escalations 200 in 14ms
 GET /api/escalations 200 in 14ms
 GET /api/escalations 200 in 13ms
 GET /api/escalations 200 in 13ms
 GET /api/escalations 200 in 34ms
 GET /api/runtime/health 200 in 38ms
 GET /api/escalations 200 in 12ms
 GET /api/escalations 200 in 12ms
 GET /api/escalations 200 in 12ms
 GET /api/escalations 200 in 34ms
 GET /api/runtime/health 200 in 37ms
 GET /api/escalations 200 in 12ms
 GET /api/escalations 200 in 12ms
 GET /api/escalations 200 in 10ms
 GET /api/escalations 200 in 37ms
 GET /api/runtime/health 200 in 41ms
 GET /api/escalations 200 in 12ms
 GET /api/escalations 200 in 11ms
 GET /api/escalations 200 in 13ms
 GET /api/escalations 200 in 33ms
 GET /api/runtime/health 200 in 37ms
 GET /api/escalations 200 in 21ms
 GET /api/escalations 200 in 11ms
 GET /api/escalations 200 in 11ms
 GET /api/escalations 200 in 13ms
 GET /api/escalations 200 in 15ms
 GET /api/runtime/health 200 in 38ms
 GET /api/escalations 200 in 18ms
 GET /api/escalations 200 in 14ms
 GET /api/escalations 200 in 12ms
 GET /api/escalations 200 in 47ms
 GET /api/runtime/health 200 in 49ms
 GET /api/escalations 200 in 11ms
 GET /api/escalations 200 in 11ms
 GET /api/escalations 200 in 12ms
 GET /api/escalations 200 in 15ms
 GET /api/runtime/health 200 in 35ms
 GET /api/escalations 200 in 12ms
 GET /api/escalations 200 in 11ms
 GET /api/escalations 200 in 12ms
 GET /api/escalations 200 in 14ms
 GET /api/runtime/health 200 in 27ms
 GET /api/escalations 200 in 14ms
 GET /api/escalations 200 in 14ms
 GET /api/escalations 200 in 13ms
 GET /api/escalations 200 in 37ms
 GET /api/escalations 200 in 34ms
 GET /api/runtime/health 200 in 39ms
 GET /api/escalations 200 in 13ms
 GET /api/escalations 200 in 11ms
 GET /api/escalations 200 in 13ms
 GET /api/escalations 200 in 37ms
 GET /api/runtime/health 200 in 40ms
 GET /api/escalations 200 in 13ms
 GET /api/escalations 200 in 14ms
 GET /api/escalations 200 in 32ms
 GET /api/escalations 200 in 13ms
 GET /api/escalations 200 in 35ms
 GET /api/runtime/health 200 in 38ms
 GET /api/escalations 200 in 11ms
 GET /api/escalations 200 in 14ms
 GET /api/escalations 200 in 13ms
 GET /api/escalations 200 in 15ms
 GET /api/escalations 200 in 34ms
 GET /api/runtime/health 200 in 37ms
 GET /api/escalations 200 in 12ms
 GET /api/escalations 200 in 13ms
 GET /api/escalations 200 in 12ms
 GET /api/escalations 200 in 43ms
 GET /api/runtime/health 200 in 46ms
 GET /api/escalations 200 in 12ms
 GET /api/escalations 200 in 13ms
 GET /api/escalations 200 in 11ms
 GET /api/escalations 200 in 14ms
 GET /api/runtime/health 200 in 36ms
 GET /api/escalations 200 in 13ms
 GET /api/escalations 200 in 13ms
 GET /api/escalations 200 in 11ms
 GET /api/escalations 200 in 12ms
 GET /api/escalations 200 in 54ms
 GET /api/runtime/health 200 in 77ms
 GET /api/escalations 200 in 17ms
 GET /api/escalations 200 in 14ms
 GET /api/escalations 200 in 15ms
 GET /api/escalations 200 in 18ms
 GET /api/runtime/health 200 in 37ms
 GET /api/escalations 200 in 17ms
 GET /api/escalations 200 in 12ms
 GET /api/escalations 200 in 11ms
 GET /api/escalations 200 in 14ms
 GET /api/escalations 200 in 40ms
 GET /api/runtime/health 200 in 41ms
 GET /api/escalations 200 in 12ms
 GET /api/escalations 200 in 12ms
 GET /api/escalations 200 in 11ms
 GET /api/escalations 200 in 15ms
 GET /api/runtime/health 200 in 36ms
 GET /api/escalations 200 in 13ms
 GET /api/escalations 200 in 15ms
 GET /api/escalations 200 in 12ms
 GET /api/escalations 200 in 18ms
 GET /api/escalations 200 in 17ms
 GET /api/runtime/health 200 in 39ms
 GET /api/escalations 200 in 14ms
 GET /api/escalations 200 in 11ms
 GET /api/escalations 200 in 16ms
 GET /api/escalations 200 in 11ms
 GET /api/escalations 200 in 44ms
 GET /api/runtime/health 200 in 44ms
 GET /api/escalations 200 in 13ms
 GET /api/escalations 200 in 12ms
 GET /api/escalations 200 in 12ms
 GET /api/escalations 200 in 43ms
 GET /api/runtime/health 200 in 45ms
 GET /api/escalations 200 in 14ms
 GET /api/escalations 200 in 11ms
 GET /api/escalations 200 in 12ms
 GET /api/escalations 200 in 12ms
 GET /api/escalations 200 in 38ms
 GET /api/runtime/health 200 in 40ms
 GET /api/escalations 200 in 12ms
 GET /api/escalations 200 in 11ms
 GET /api/escalations 200 in 11ms
 GET /api/escalations 200 in 12ms
 GET /api/escalations 200 in 33ms
 GET /api/runtime/health 200 in 35ms
 GET /api/escalations 200 in 15ms
 GET /api/escalations 200 in 11ms
 GET /api/escalations 200 in 12ms
 GET /api/runtime/health 200 in 30ms
 GET /api/escalations 200 in 13ms
 GET /api/escalations 200 in 13ms
 GET /api/escalations 200 in 14ms
 GET /api/escalations 200 in 22ms
 GET /api/escalations 200 in 34ms
 GET /api/runtime/health 200 in 37ms
 GET /api/escalations 200 in 15ms
 GET /api/escalations 200 in 12ms
 GET /api/escalations 200 in 11ms
 GET /api/escalations 200 in 11ms
 GET /api/escalations 200 in 36ms
 GET /api/runtime/health 200 in 40ms
 GET /api/escalations 200 in 14ms
 GET /api/escalations 200 in 15ms
 GET /api/escalations 200 in 12ms
 GET /api/escalations 200 in 39ms
 GET /api/runtime/health 200 in 42ms
 GET /api/escalations 200 in 12ms
 GET /api/escalations 200 in 15ms
 GET /api/escalations 200 in 13ms
 GET /api/escalations 200 in 34ms
 GET /api/runtime/health 200 in 36ms
 GET /api/escalations 200 in 11ms
 GET /api/escalations 200 in 12ms
 GET /api/escalations 200 in 14ms
 GET /api/escalations 200 in 12ms
 GET /api/escalations 200 in 35ms
 GET /api/runtime/health 200 in 38ms
 GET /api/escalations 200 in 13ms
 GET /api/escalations 200 in 13ms
 GET /api/escalations 200 in 12ms
 GET /api/escalations 200 in 53ms
 GET /api/runtime/health 200 in 56ms
 GET /api/escalations 200 in 13ms
 GET /api/escalations 200 in 13ms
 GET /api/escalations 200 in 11ms
 GET /api/escalations 200 in 34ms
 GET /api/runtime/health 200 in 35ms
 GET /api/escalations 200 in 12ms
 GET /api/escalations 200 in 11ms
 GET /api/escalations 200 in 11ms
 GET /api/escalations 200 in 11ms
 GET /api/escalations 200 in 27ms
 GET /api/runtime/health 200 in 45ms
 GET /api/escalations 200 in 12ms
 GET /api/escalations 200 in 13ms
 GET /api/escalations 200 in 11ms
 GET /api/escalations 200 in 33ms
 GET /api/runtime/health 200 in 37ms
 GET /api/escalations 200 in 12ms
 GET /api/escalations 200 in 14ms
 GET /api/escalations 200 in 11ms
 GET /api/escalations 200 in 11ms
 GET /api/escalations 200 in 34ms
 GET /api/runtime/health 200 in 36ms
 GET /api/escalations 200 in 11ms
 GET /api/escalations 200 in 10ms
 GET /api/escalations 200 in 13ms
 GET /api/escalations 200 in 15ms
 GET /api/runtime/health 200 in 46ms
 GET /api/escalations 200 in 14ms
 GET /api/escalations 200 in 12ms
 GET /api/escalations 200 in 12ms
 GET /api/escalations 200 in 13ms
 GET /api/runtime/health 200 in 32ms
 GET /api/escalations 200 in 12ms
 GET /api/escalations 200 in 11ms
 GET /api/escalations 200 in 10ms
 GET /api/escalations 200 in 11ms
 GET /api/escalations 200 in 15ms
 GET /api/runtime/health 200 in 39ms
 GET /api/escalations 200 in 12ms
 GET /api/escalations 200 in 33ms
 GET /api/escalations 200 in 12ms
 GET /api/escalations 200 in 34ms
 GET /api/runtime/health 200 in 35ms
 GET /api/escalations 200 in 11ms
 GET /api/escalations 200 in 11ms
 GET /api/escalations 200 in 12ms
 GET /api/escalations 200 in 14ms
 GET /api/escalations 200 in 36ms
 GET /api/runtime/health 200 in 38ms
 GET /api/escalations 200 in 12ms
 GET /api/escalations 200 in 10ms
 GET /api/escalations 200 in 11ms
 GET /api/escalations 200 in 13ms
 GET /api/escalations 200 in 16ms
 GET /api/runtime/health 200 in 40ms
 GET /api/escalations 200 in 12ms
 GET /api/escalations 200 in 15ms
 GET /api/escalations 200 in 16ms
 GET /api/escalations 200 in 38ms
 GET /api/runtime/health 200 in 39ms
 GET /api/escalations 200 in 14ms
 GET /api/escalations 200 in 16ms
 GET /api/escalations 200 in 13ms
 GET /api/escalations 200 in 35ms
 GET /api/runtime/health 200 in 38ms
 GET /api/escalations 200 in 14ms
 GET /api/escalations 200 in 13ms
 GET /api/escalations 200 in 13ms
 GET /api/escalations 200 in 16ms
 GET /api/runtime/health 200 in 37ms
 GET /api/escalations 200 in 32ms
 GET /api/escalations 200 in 13ms
 GET /api/escalations 200 in 10ms
 GET /api/escalations 200 in 36ms
 GET /api/runtime/health 200 in 38ms
 GET /api/escalations 200 in 13ms
 GET /api/escalations 200 in 15ms
 GET /api/escalations 200 in 15ms
 GET /api/escalations 200 in 15ms
 GET /api/escalations 200 in 36ms
 GET /api/runtime/health 200 in 39ms
 GET /api/escalations 200 in 15ms
 GET /api/escalations 200 in 15ms
 GET /api/escalations 200 in 16ms
 GET /api/escalations 200 in 11ms
 GET /api/escalations 200 in 38ms
 GET /api/runtime/health 200 in 40ms
 GET /api/escalations 200 in 12ms
 GET /api/escalations 200 in 12ms
 GET /api/escalations 200 in 12ms
 GET /api/escalations 200 in 49ms
 GET /api/runtime/health 200 in 51ms
 GET /api/escalations 200 in 12ms
 GET /api/escalations 200 in 12ms
 GET /api/escalations 200 in 12ms
 GET /api/escalations 200 in 38ms
 GET /api/runtime/health 200 in 38ms
 GET /api/escalations 200 in 12ms
 GET /api/escalations 200 in 12ms
 GET /api/escalations 200 in 13ms
 GET /api/escalations 200 in 25ms
 GET /api/runtime/health 200 in 29ms
 GET /api/escalations 200 in 12ms
 GET /api/escalations 200 in 13ms
 GET /api/escalations 200 in 16ms
 GET /api/escalations 200 in 11ms
 GET /api/escalations 200 in 15ms
 GET /api/runtime/health 200 in 38ms
 GET /api/escalations 200 in 14ms
 GET /api/escalations 200 in 13ms
 GET /api/escalations 200 in 13ms
 GET /api/escalations 200 in 19ms
 GET /api/escalations 200 in 41ms
 GET /api/runtime/health 200 in 44ms
 GET /api/escalations 200 in 14ms
 GET /api/escalations 200 in 13ms
 GET /api/escalations 200 in 13ms
 GET /api/escalations 200 in 15ms
 GET /api/runtime/health 200 in 38ms
 GET /api/escalations 200 in 11ms
 GET /api/escalations 200 in 13ms
 GET /api/escalations 200 in 11ms
 GET /api/runtime/health 200 in 27ms
 GET /api/escalations 200 in 10ms
 GET /api/escalations 200 in 15ms
 GET /api/escalations 200 in 11ms
 GET /api/escalations 200 in 10ms
 GET /api/escalations 200 in 13ms
 GET /api/runtime/health 200 in 33ms
 GET /api/escalations 200 in 11ms
 GET /api/escalations 200 in 10ms
 GET /api/escalations 200 in 11ms
 GET /api/escalations 200 in 12ms
 GET /api/escalations 200 in 16ms
 GET /api/runtime/health 200 in 36ms
 GET /api/escalations 200 in 14ms
 GET /api/escalations 200 in 12ms
 GET /api/escalations 200 in 11ms
 GET /api/escalations 200 in 11ms
 GET /api/escalations 200 in 38ms
 GET /api/runtime/health 200 in 40ms
 GET /api/escalations 200 in 12ms
 GET /api/escalations 200 in 12ms
 GET /api/escalations 200 in 11ms
 GET /api/escalations 200 in 32ms
 GET /api/runtime/health 200 in 54ms
 GET /api/escalations 200 in 12ms
 GET /api/escalations 200 in 15ms
 GET /api/escalations 200 in 11ms
 GET /api/escalations 200 in 33ms
 GET /api/runtime/health 200 in 35ms
 GET /api/escalations 200 in 12ms
 GET /api/escalations 200 in 14ms
 GET /api/escalations 200 in 11ms
 GET /api/escalations 200 in 14ms
 GET /api/escalations 200 in 35ms
 GET /api/runtime/health 200 in 40ms
 GET /api/escalations 200 in 12ms
 GET /api/escalations 200 in 11ms
 GET /api/escalations 200 in 11ms
 GET /api/escalations 200 in 13ms
 GET /api/escalations 200 in 18ms
 GET /api/runtime/health 200 in 51ms
 GET /api/escalations 200 in 10ms
 GET /api/escalations 200 in 14ms
 GET /api/escalations 200 in 11ms
 GET /api/escalations 200 in 12ms
 GET /api/escalations 200 in 33ms
 GET /api/runtime/health 200 in 35ms
 GET /api/escalations 200 in 11ms
 GET /api/escalations 200 in 13ms
 GET /api/escalations 200 in 45ms
 GET /api/escalations 200 in 15ms
 GET /api/escalations 200 in 34ms
 GET /api/runtime/health 200 in 38ms
 GET /api/escalations 200 in 14ms
 GET /api/escalations 200 in 12ms
 GET /api/escalations 200 in 17ms
 GET /api/escalations 200 in 12ms
 GET /api/escalations 200 in 37ms
 GET /api/runtime/health 200 in 39ms
 GET /api/escalations 200 in 17ms
 GET /api/escalations 200 in 11ms
 GET /api/escalations 200 in 12ms
 GET /api/escalations 200 in 35ms
 GET /api/runtime/health 200 in 38ms
 GET /api/escalations 200 in 12ms
 GET /api/escalations 200 in 13ms
 GET /api/escalations 200 in 14ms
 GET /api/escalations 200 in 11ms
 GET /api/escalations 200 in 19ms
 GET /api/runtime/health 200 in 39ms
 GET /api/escalations 200 in 14ms
 GET /api/escalations 200 in 15ms
 GET /api/escalations 200 in 12ms
 GET /api/escalations 200 in 43ms
 GET /api/runtime/health 200 in 45ms
 GET /api/escalations 200 in 11ms
 GET /api/escalations 200 in 11ms
 GET /api/escalations 200 in 14ms
 GET /api/escalations 200 in 35ms
 GET /api/runtime/health 200 in 37ms
 GET /api/escalations 200 in 19ms
 GET /api/escalations 200 in 11ms
 GET /api/escalations 200 in 10ms
 GET /api/escalations 200 in 12ms
 GET /api/escalations 200 in 36ms
 GET /api/runtime/health 200 in 39ms
 GET /api/escalations 200 in 12ms
 GET /api/escalations 200 in 11ms
 GET /api/escalations 200 in 11ms
 GET /api/escalations 200 in 15ms
 GET /api/escalations 200 in 15ms
 GET /api/runtime/health 200 in 38ms
 GET /api/escalations 200 in 16ms
 GET /api/escalations 200 in 13ms
 GET /api/escalations 200 in 14ms
 GET /api/escalations 200 in 37ms
 GET /api/runtime/health 200 in 39ms
 GET /api/escalations 200 in 11ms
 GET /api/escalations 200 in 11ms
 GET /api/escalations 200 in 11ms
 GET /api/escalations 200 in 11ms
 GET /api/escalations 200 in 34ms
 GET /api/runtime/health 200 in 36ms
 GET /api/escalations 200 in 12ms
 GET /api/escalations 200 in 33ms
 GET /api/escalations 200 in 12ms
 GET /api/escalations 200 in 42ms
 GET /api/runtime/health 200 in 46ms
 GET /api/escalations 200 in 12ms
 GET /api/escalations 200 in 11ms
 GET /api/escalations 200 in 12ms
 GET /api/escalations 200 in 11ms
 GET /api/escalations 200 in 36ms
 GET /api/runtime/health 200 in 38ms
 GET /api/escalations 200 in 11ms
 GET /api/escalations 200 in 15ms
 GET /api/escalations 200 in 12ms
 GET /api/escalations 200 in 19ms
 GET /api/escalations 200 in 15ms
 GET /api/runtime/health 200 in 37ms
 GET /api/escalations 200 in 14ms
 GET /api/escalations 200 in 17ms
 GET /api/escalations 200 in 43ms
 GET /api/runtime/health 200 in 44ms
 GET /api/escalations 200 in 12ms
 GET /api/escalations 200 in 11ms
 GET /api/escalations 200 in 20ms
 GET /api/escalations 200 in 12ms
 GET /api/escalations 200 in 13ms
 GET /api/runtime/health 200 in 39ms
 GET /api/escalations 200 in 18ms
 GET /api/escalations 200 in 17ms
 GET /api/escalations 200 in 12ms
 GET /api/escalations 200 in 13ms
 GET /api/escalations 200 in 35ms
 GET /api/runtime/health 200 in 38ms
 GET /api/escalations 200 in 13ms
 GET /api/escalations 200 in 17ms
 GET /api/escalations 200 in 12ms
 GET /api/escalations 200 in 17ms
 GET /api/escalations 200 in 16ms
 GET /api/runtime/health 200 in 41ms
 GET /api/escalations 200 in 13ms
 GET /api/escalations 200 in 16ms
 GET /api/escalations 200 in 13ms
 GET /api/escalations 200 in 16ms
 GET /api/escalations 200 in 58ms
 GET /api/runtime/health 200 in 56ms
 GET /api/escalations 200 in 13ms
 GET /api/escalations 200 in 15ms
 GET /api/escalations 200 in 12ms
 GET /api/escalations 200 in 26ms
 GET /api/runtime/health 200 in 54ms
 GET /api/escalations 200 in 13ms
 GET /api/escalations 200 in 12ms
 GET /api/escalations 200 in 12ms
 GET /api/escalations 200 in 37ms
 GET /api/runtime/health 200 in 40ms
 GET /api/escalations 200 in 12ms
 GET /api/escalations 200 in 20ms
 GET /api/escalations 200 in 12ms
 GET /api/escalations 200 in 36ms
 GET /api/runtime/health 200 in 36ms
 GET /api/escalations 200 in 14ms
 GET /api/escalations 200 in 12ms
 GET /api/escalations 200 in 15ms
 GET /api/escalations 200 in 16ms
 GET /api/runtime/health 200 in 41ms
 GET /api/escalations 200 in 15ms
 GET /api/escalations 200 in 12ms
 GET /api/escalations 200 in 21ms
 GET /api/escalations 200 in 17ms
 GET /api/escalations 200 in 35ms
 GET /api/runtime/health 200 in 36ms
 GET /api/escalations 200 in 17ms
 GET /api/escalations 200 in 12ms
 GET /api/escalations 200 in 13ms
 GET /api/escalations 200 in 20ms
 GET /api/escalations 200 in 59ms
 GET /api/runtime/health 200 in 62ms
 GET /api/escalations 200 in 17ms
 GET /api/escalations 200 in 18ms
 GET /api/escalations 200 in 16ms
 GET /api/escalations 200 in 15ms
 GET /api/escalations 200 in 51ms
 GET /api/runtime/health 200 in 48ms
 GET /api/escalations 200 in 30ms
 GET /api/escalations 200 in 14ms
 GET /api/escalations 200 in 28ms
 GET /api/escalations 200 in 25ms
 GET /api/runtime/health 200 in 61ms
 GET /api/escalations 200 in 19ms
 GET /api/escalations 200 in 18ms
 GET /api/escalations 200 in 18ms
 GET /api/escalations 200 in 56ms
 GET /api/runtime/health 200 in 60ms
 GET /api/escalations 200 in 18ms
 GET /api/escalations 200 in 19ms
 GET /api/escalations 200 in 17ms
 GET /api/escalations 200 in 54ms
 GET /api/runtime/health 200 in 55ms
 GET /api/escalations 200 in 18ms
 GET /api/escalations 200 in 20ms
 GET /api/escalations 200 in 17ms
 GET /api/escalations 200 in 19ms
 GET /api/escalations 200 in 64ms
 GET /api/runtime/health 200 in 67ms
 GET /api/escalations 200 in 18ms
 GET /api/escalations 200 in 15ms
 GET /api/escalations 200 in 17ms
 GET /api/escalations 200 in 17ms
 GET /api/escalations 200 in 25ms
 GET /api/runtime/health 200 in 60ms
 GET /api/escalations 200 in 20ms
 GET /api/escalations 200 in 24ms
 GET /api/escalations 200 in 62ms
 GET /api/runtime/health 200 in 64ms
 GET /api/escalations 200 in 23ms
 GET /api/escalations 200 in 19ms
 GET /api/escalations 200 in 44ms
 GET /api/escalations 200 in 56ms
 GET /api/runtime/health 200 in 60ms
 GET /api/escalations 200 in 21ms
 GET /api/escalations 200 in 17ms
 GET /api/escalations 200 in 17ms
 GET /api/escalations 200 in 18ms
 GET /api/runtime/health 200 in 41ms
 GET /api/escalations 200 in 21ms
 GET /api/escalations 200 in 17ms
 GET /api/escalations 200 in 17ms
 GET /api/escalations 200 in 23ms
 GET /api/escalations 200 in 48ms
 GET /api/runtime/health 200 in 51ms
 GET /api/escalations 200 in 22ms
 GET /api/escalations 200 in 26ms
 GET /api/escalations 200 in 17ms
 GET /api/escalations 200 in 18ms
 GET /api/escalations 200 in 65ms
 GET /api/runtime/health 200 in 64ms
 GET /api/escalations 200 in 17ms
 GET /api/escalations 200 in 17ms
 GET /api/escalations 200 in 51ms
 GET /api/runtime/health 200 in 56ms
 GET /api/escalations 200 in 16ms
 GET /api/escalations 200 in 19ms
 GET /api/escalations 200 in 17ms
 GET /api/escalations 200 in 47ms
 GET /api/runtime/health 200 in 50ms
 GET /api/escalations 200 in 18ms
 GET /api/escalations 200 in 17ms
 GET /api/escalations 200 in 16ms
 GET /api/escalations 200 in 54ms
 GET /api/runtime/health 200 in 55ms
 GET /api/escalations 200 in 18ms
 GET /api/escalations 200 in 17ms
 GET /api/escalations 200 in 20ms
 GET /api/escalations 200 in 35ms
 GET /api/runtime/health 200 in 37ms
 GET /api/escalations 200 in 19ms
 GET /api/escalations 200 in 16ms
 GET /api/escalations 200 in 16ms
 GET /api/escalations 200 in 17ms
 GET /api/runtime/health 200 in 39ms
 GET /api/escalations 200 in 19ms
 GET /api/escalations 200 in 19ms
 GET /api/escalations 200 in 18ms
 GET /api/escalations 200 in 19ms
 GET /api/escalations 200 in 51ms
 GET /api/runtime/health 200 in 54ms
 GET /api/escalations 200 in 21ms
 GET /api/escalations 200 in 18ms
 GET /api/escalations 200 in 17ms
 GET /api/escalations 200 in 23ms
 GET /api/runtime/health 200 in 55ms
 GET /api/escalations 200 in 18ms
 GET /api/escalations 200 in 18ms
 GET /api/escalations 200 in 18ms
 GET /api/escalations 200 in 19ms
 GET /api/escalations 200 in 84ms
 GET /api/runtime/health 200 in 88ms
 GET /api/escalations 200 in 17ms
 GET /api/escalations 200 in 18ms
 GET /api/escalations 200 in 17ms
 GET /api/runtime/health 200 in 43ms
 GET /api/escalations 200 in 16ms
 GET /api/escalations 200 in 23ms
 GET /api/escalations 200 in 16ms
 GET /api/escalations 200 in 16ms
 GET /api/escalations 200 in 55ms
 GET /api/runtime/health 200 in 58ms
 GET /api/escalations 200 in 18ms
 GET /api/escalations 200 in 19ms
 GET /api/escalations 200 in 19ms
 GET /api/escalations 200 in 18ms
 GET /api/escalations 200 in 57ms
 GET /api/runtime/health 200 in 59ms
 GET /api/escalations 200 in 19ms
 GET /api/escalations 200 in 26ms
 GET /api/escalations 200 in 20ms
 GET /api/escalations 200 in 59ms
 GET /api/runtime/health 200 in 62ms
 GET /api/escalations 200 in 17ms
 GET /api/escalations 200 in 17ms
 GET /api/escalations 200 in 18ms
 GET /api/escalations 200 in 19ms
 GET /api/escalations 200 in 49ms
 GET /api/runtime/health 200 in 80ms
 GET /api/escalations 200 in 19ms
 GET /api/escalations 200 in 22ms
 GET /api/escalations 200 in 17ms
 GET /api/escalations 200 in 21ms
 GET /api/escalations 200 in 52ms
 GET /api/runtime/health 200 in 57ms
 GET /api/escalations 200 in 17ms
 GET /api/escalations 200 in 21ms
 GET /api/escalations 200 in 12ms
 GET /api/escalations 200 in 54ms
 GET /api/runtime/health 200 in 56ms
 GET /api/escalations 200 in 19ms
 GET /api/escalations 200 in 17ms
 GET /api/escalations 200 in 20ms
 GET /api/escalations 200 in 54ms
 GET /api/runtime/health 200 in 57ms
 GET /api/escalations 200 in 19ms
 GET /api/escalations 200 in 21ms
 GET /api/escalations 200 in 21ms
 GET /api/escalations 200 in 56ms
 GET /api/runtime/health 200 in 57ms
 GET /api/escalations 200 in 19ms
 GET /api/escalations 200 in 15ms
 GET /api/escalations 200 in 16ms
 GET /api/escalations 200 in 18ms
 GET /api/escalations 200 in 21ms
 GET /api/runtime/health 200 in 91ms
 GET /api/escalations 200 in 19ms
 GET /api/escalations 200 in 19ms
 GET /api/escalations 200 in 52ms
 GET /api/runtime/health 200 in 54ms
 GET /api/escalations 200 in 18ms
 GET /api/escalations 200 in 18ms
 GET /api/escalations 200 in 17ms
 GET /api/escalations 200 in 20ms
 GET /api/runtime/health 200 in 55ms
 GET /api/escalations 200 in 17ms
 GET /api/escalations 200 in 20ms
 GET /api/escalations 200 in 51ms
 GET /api/runtime/health 200 in 52ms
 GET /api/escalations 200 in 17ms
 GET /api/escalations 200 in 18ms
 GET /api/escalations 200 in 29ms
 GET /api/escalations 200 in 18ms
 GET /api/runtime/health 200 in 44ms
 GET /api/escalations 200 in 18ms
 GET /api/escalations 200 in 17ms
 GET /api/escalations 200 in 19ms
 GET /api/escalations 200 in 19ms
 GET /api/escalations 200 in 56ms
 GET /api/runtime/health 200 in 60ms
 GET /api/escalations 200 in 19ms
 GET /api/escalations 200 in 21ms
 GET /api/escalations 200 in 19ms
 GET /api/escalations 200 in 55ms
 GET /api/runtime/health 200 in 59ms
 GET /api/escalations 200 in 18ms
 GET /api/escalations 200 in 17ms
 GET /api/escalations 200 in 28ms
 GET /api/escalations 200 in 16ms
 GET /api/escalations 200 in 51ms
 GET /api/runtime/health 200 in 58ms
 GET /api/escalations 200 in 18ms
 GET /api/escalations 200 in 16ms
 GET /api/escalations 200 in 14ms
 GET /api/escalations 200 in 60ms
 GET /api/runtime/health 200 in 65ms
 GET /api/escalations 200 in 18ms
 GET /api/escalations 200 in 18ms
 GET /api/escalations 200 in 23ms
 GET /api/escalations 200 in 39ms
 GET /api/runtime/health 200 in 41ms
 GET /api/escalations 200 in 19ms
 GET /api/escalations 200 in 16ms
 GET /api/escalations 200 in 18ms
 GET /api/escalations 200 in 15ms
 GET /api/escalations 200 in 54ms
 GET /api/runtime/health 200 in 57ms
 GET /api/escalations 200 in 17ms
 GET /api/escalations 200 in 17ms
 GET /api/escalations 200 in 17ms
 GET /api/escalations 200 in 50ms
 GET /api/runtime/health 200 in 52ms
 GET /api/escalations 200 in 16ms
 GET /api/escalations 200 in 18ms
 GET /api/escalations 200 in 17ms
 GET /api/escalations 200 in 56ms
 GET /api/runtime/health 200 in 60ms
 GET /api/escalations 200 in 18ms
 GET /api/escalations 200 in 16ms
 GET /api/escalations 200 in 16ms
 GET /api/runtime/health 200 in 44ms
 GET /api/escalations 200 in 37ms
 GET /api/escalations 200 in 17ms
 GET /api/escalations 200 in 17ms
 GET /api/escalations 200 in 16ms
 GET /api/escalations 200 in 50ms
 GET /api/runtime/health 200 in 51ms
 GET /api/escalations 200 in 18ms
 GET /api/escalations 200 in 19ms
 GET /api/escalations 200 in 14ms
 GET /api/escalations 200 in 47ms
 GET /api/runtime/health 200 in 50ms
 GET /api/escalations 200 in 23ms
 GET /api/escalations 200 in 17ms
 GET /api/escalations 200 in 18ms
 GET /api/escalations 200 in 19ms
 GET /api/escalations 200 in 54ms
 GET /api/runtime/health 200 in 60ms
 GET /api/escalations 200 in 18ms
 GET /api/escalations 200 in 18ms
 GET /api/escalations 200 in 17ms
 GET /api/escalations 200 in 18ms
 GET /api/runtime/health 200 in 45ms
 GET /api/escalations 200 in 18ms
 GET /api/escalations 200 in 13ms
 GET /api/escalations 200 in 15ms
 GET /api/escalations 200 in 17ms
 GET /api/escalations 200 in 51ms
 GET /api/runtime/health 200 in 52ms
 GET /api/escalations 200 in 19ms
 GET /api/escalations 200 in 16ms
 GET /api/escalations 200 in 22ms
 GET /api/escalations 200 in 16ms
 GET /api/runtime/health 200 in 41ms
 GET /api/escalations 200 in 18ms
 GET /api/escalations 200 in 15ms
 GET /api/escalations 200 in 16ms
 GET /api/escalations 200 in 50ms
 GET /api/runtime/health 200 in 53ms
 GET /api/escalations 200 in 17ms
 GET /api/escalations 200 in 19ms
 GET /api/escalations 200 in 19ms
 GET /api/escalations 200 in 16ms
 GET /api/escalations 200 in 51ms
 GET /api/runtime/health 200 in 54ms
 GET /api/escalations 200 in 19ms
 GET /api/escalations 200 in 22ms
 GET /api/escalations 200 in 16ms
 GET /api/escalations 200 in 12ms
 GET /api/escalations 200 in 53ms
 GET /api/runtime/health 200 in 58ms
 GET /api/escalations 200 in 19ms
 GET /api/escalations 200 in 18ms
 GET /api/escalations 200 in 54ms
 GET /api/runtime/health 200 in 60ms
 GET /api/escalations 200 in 21ms
 GET /api/escalations 200 in 18ms
 GET /api/escalations 200 in 20ms
 GET /api/escalations 200 in 31ms
 GET /api/escalations 200 in 49ms
 GET /api/runtime/health 200 in 53ms
 GET /api/escalations 200 in 15ms
 GET /api/escalations 200 in 22ms
 GET /api/escalations 200 in 22ms
 GET /api/escalations 200 in 52ms
 GET /api/runtime/health 200 in 55ms
 GET /api/escalations 200 in 18ms
 GET /api/escalations 200 in 19ms
 GET /api/escalations 200 in 63ms
 GET /api/runtime/health 200 in 63ms
 GET /api/escalations 200 in 16ms
 GET /api/escalations 200 in 17ms
 GET /api/escalations 200 in 23ms
 GET /api/escalations 200 in 17ms
 GET /api/escalations 200 in 53ms
 GET /api/runtime/health 200 in 57ms
 GET /api/escalations 200 in 16ms
 GET /api/escalations 200 in 16ms
 GET /api/escalations 200 in 16ms
 GET /api/escalations 200 in 17ms
 GET /api/escalations 200 in 51ms
 GET /api/runtime/health 200 in 53ms
 GET /api/escalations 200 in 49ms
 GET /api/escalations 200 in 19ms
 GET /api/escalations 200 in 16ms
 GET /api/escalations 200 in 17ms
 GET /api/escalations 200 in 53ms
 GET /api/runtime/health 200 in 56ms
 GET /api/escalations 200 in 18ms
 GET /api/escalations 200 in 15ms
 GET /api/escalations 200 in 16ms
 GET /api/escalations 200 in 19ms
 GET /api/escalations 200 in 54ms
 GET /api/runtime/health 200 in 56ms
 GET /api/escalations 200 in 17ms
 GET /api/escalations 200 in 19ms
 GET /api/escalations 200 in 27ms
 GET /api/runtime/health 200 in 43ms
 GET /api/escalations 200 in 20ms
 GET /api/escalations 200 in 18ms
 GET /api/escalations 200 in 16ms
 GET /api/escalations 200 in 18ms
 GET /api/escalations 200 in 53ms
 GET /api/runtime/health 200 in 57ms
 GET /api/escalations 200 in 19ms
 GET /api/escalations 200 in 19ms
 GET /api/escalations 200 in 18ms
 GET /api/escalations 200 in 16ms
 GET /api/escalations 200 in 53ms
 GET /api/runtime/health 200 in 58ms
 GET /api/escalations 200 in 24ms
 GET /api/escalations 200 in 17ms
 GET /api/escalations 200 in 16ms
 GET /api/escalations 200 in 51ms
 GET /api/runtime/health 200 in 56ms
 GET /api/escalations 200 in 19ms
 GET /api/escalations 200 in 17ms
 GET /api/escalations 200 in 14ms
 GET /api/escalations 200 in 19ms
 GET /api/runtime/health 200 in 40ms
 GET /api/escalations 200 in 19ms
 GET /api/escalations 200 in 16ms
 GET /api/escalations 200 in 18ms
 GET /api/escalations 200 in 16ms
 GET /api/runtime/health 200 in 41ms
 GET /api/escalations 200 in 17ms
 GET /api/escalations 200 in 32ms
 GET /api/escalations 200 in 72ms
 GET /api/escalations 200 in 25ms
 GET /api/escalations 200 in 50ms
 GET /api/runtime/health 200 in 52ms
 GET /api/escalations 200 in 22ms
 GET /api/escalations 200 in 16ms
 GET /api/escalations 200 in 19ms
 GET /api/escalations 200 in 59ms
 GET /api/runtime/health 200 in 59ms
 GET /api/escalations 200 in 34ms
 GET /api/escalations 200 in 15ms
 GET /api/escalations 200 in 13ms
 GET /api/escalations 200 in 46ms
 GET /api/runtime/health 200 in 47ms
 GET /api/escalations 200 in 14ms
 GET /api/escalations 200 in 18ms
 GET /api/escalations 200 in 17ms
 GET /api/escalations 200 in 20ms
 GET /api/escalations 200 in 60ms
 GET /api/runtime/health 200 in 62ms
 GET /api/escalations 200 in 16ms
 GET /api/escalations 200 in 18ms
 GET /api/escalations 200 in 19ms
 GET /api/escalations 200 in 54ms
 GET /api/runtime/health 200 in 56ms
 GET /api/escalations 200 in 18ms
 GET /api/escalations 200 in 26ms
 GET /api/escalations 200 in 16ms
 GET /api/runtime/health 200 in 40ms
 GET /api/escalations 200 in 17ms
 GET /api/escalations 200 in 19ms
 GET /api/escalations 200 in 18ms
 GET /api/escalations 200 in 29ms
 GET /api/runtime/health 200 in 56ms
 GET /api/escalations 200 in 19ms
 GET /api/escalations 200 in 17ms
 GET /api/escalations 200 in 17ms
 GET /api/escalations 200 in 19ms
 GET /api/escalations 200 in 54ms
 GET /api/runtime/health 200 in 56ms
 GET /api/escalations 200 in 19ms
 GET /api/escalations 200 in 19ms
 GET /api/escalations 200 in 18ms
 GET /api/escalations 200 in 56ms
 GET /api/runtime/health 200 in 59ms
 GET /api/escalations 200 in 17ms
 GET /api/escalations 200 in 17ms
 GET /api/escalations 200 in 26ms
 GET /api/escalations 200 in 17ms
 GET /api/escalations 200 in 55ms
 GET /api/runtime/health 200 in 58ms
 GET /api/escalations 200 in 16ms
 GET /api/escalations 200 in 18ms
 GET /api/escalations 200 in 17ms
 GET /api/escalations 200 in 32ms
 GET /api/escalations 200 in 47ms
 GET /api/runtime/health 200 in 49ms
 GET /api/escalations 200 in 18ms
 GET /api/escalations 200 in 17ms
 GET /api/escalations 200 in 18ms
 GET /api/escalations 200 in 35ms
 GET /api/runtime/health 200 in 65ms
 GET /api/escalations 200 in 17ms
 GET /api/escalations 200 in 18ms
 GET /api/escalations 200 in 18ms
 GET /api/escalations 200 in 20ms
 GET /api/runtime/health 200 in 54ms
 GET /api/escalations 200 in 17ms
 GET /api/escalations 200 in 18ms
 GET /api/escalations 200 in 18ms
 GET /api/runtime/health 200 in 45ms
 GET /api/escalations 200 in 18ms
 GET /api/escalations 200 in 16ms
 GET /api/escalations 200 in 18ms
 GET /api/escalations 200 in 17ms
 GET /api/escalations 200 in 23ms
 GET /api/runtime/health 200 in 63ms
 GET /api/escalations 200 in 15ms
 GET /api/escalations 200 in 16ms
 GET /api/escalations 200 in 18ms
 GET /api/escalations 200 in 48ms
 GET /api/runtime/health 200 in 50ms
 GET /api/escalations 200 in 20ms
 GET /api/escalations 200 in 19ms
 GET /api/escalations 200 in 17ms
 GET /api/escalations 200 in 19ms
 GET /api/escalations 200 in 23ms
 GET /api/runtime/health 200 in 54ms
 GET /api/escalations 200 in 18ms
 GET /api/escalations 200 in 16ms
 GET /api/escalations 200 in 18ms
 GET /api/escalations 200 in 17ms
 GET /api/escalations 200 in 53ms
 GET /api/runtime/health 200 in 56ms
 GET /api/escalations 200 in 19ms
 GET /api/escalations 200 in 14ms
 GET /api/escalations 200 in 17ms
 GET /api/escalations 200 in 57ms
 GET /api/runtime/health 200 in 60ms
 GET /api/escalations 200 in 18ms
 GET /api/escalations 200 in 18ms
 GET /api/escalations 200 in 21ms
 GET /api/escalations 200 in 16ms
 GET /api/escalations 200 in 37ms
 GET /api/runtime/health 200 in 66ms
 GET /api/escalations 200 in 18ms
 GET /api/escalations 200 in 16ms
 GET /api/escalations 200 in 15ms
 GET /api/escalations 200 in 65ms
 GET /api/runtime/health 200 in 66ms
 GET /api/escalations 200 in 26ms
 GET /api/escalations 200 in 32ms
 GET /api/escalations 200 in 17ms
 GET /api/escalations 200 in 15ms
 GET /api/escalations 200 in 20ms
 GET /api/runtime/health 200 in 59ms
 GET /api/escalations 200 in 19ms
 GET /api/escalations 200 in 18ms
 GET /api/escalations 200 in 20ms
 GET /api/escalations 200 in 19ms
 GET /api/escalations 200 in 51ms
 GET /api/runtime/health 200 in 57ms
 GET /api/escalations 200 in 18ms
 GET /api/escalations 200 in 17ms
 GET /api/escalations 200 in 18ms
 GET /api/escalations 200 in 15ms
 GET /api/escalations 200 in 22ms
 GET /api/runtime/health 200 in 59ms
 GET /api/escalations 200 in 17ms
 GET /api/escalations 200 in 16ms
 GET /api/escalations 200 in 14ms
 GET /api/escalations 200 in 49ms
 GET /api/runtime/health 200 in 53ms
 GET /api/escalations 200 in 16ms
 GET /api/escalations 200 in 19ms
 GET /api/escalations 200 in 20ms
 GET /api/escalations 200 in 17ms
 GET /api/escalations 200 in 48ms
 GET /api/runtime/health 200 in 51ms
 GET /api/escalations 200 in 14ms
 GET /api/escalations 200 in 17ms
 GET /api/escalations 200 in 23ms
 GET /api/escalations 200 in 54ms
 GET /api/runtime/health 200 in 56ms
 GET /api/escalations 200 in 21ms
 GET /api/escalations 200 in 19ms
 GET /api/escalations 200 in 16ms
 GET /api/escalations 200 in 51ms
 GET /api/runtime/health 200 in 54ms
 GET /api/escalations 200 in 17ms
 GET /api/escalations 200 in 18ms
 GET /api/escalations 200 in 54ms
 GET /api/runtime/health 200 in 57ms
 GET /api/escalations 200 in 17ms
 GET /api/escalations 200 in 17ms
 GET /api/escalations 200 in 17ms
 GET /api/escalations 200 in 21ms
 GET /api/escalations 200 in 86ms
 GET /api/runtime/health 200 in 91ms
 GET /api/escalations 200 in 17ms
 GET /api/escalations 200 in 17ms
 GET /api/escalations 200 in 18ms
 GET /api/escalations 200 in 54ms
 GET /api/runtime/health 200 in 58ms
 GET /api/escalations 200 in 17ms
 GET /api/escalations 200 in 18ms
 GET /api/escalations 200 in 16ms
 GET /api/escalations 200 in 15ms
 GET /api/escalations 200 in 57ms
 GET /api/runtime/health 200 in 60ms
 GET /api/escalations 200 in 14ms
 GET /api/escalations 200 in 20ms
 GET /api/escalations 200 in 18ms
 GET /api/escalations 200 in 54ms
 GET /api/runtime/health 200 in 55ms
 GET /api/escalations 200 in 17ms
 GET /api/escalations 200 in 18ms
 GET /api/escalations 200 in 16ms
 GET /api/escalations 200 in 17ms
 GET /api/escalations 200 in 51ms
 GET /api/runtime/health 200 in 55ms
 GET /api/escalations 200 in 18ms
 GET /api/escalations 200 in 22ms
 GET /api/escalations 200 in 20ms
 GET /api/escalations 200 in 18ms
 GET /api/escalations 200 in 50ms
 GET /api/runtime/health 200 in 55ms
 GET /api/escalations 200 in 16ms
 GET /api/escalations 200 in 24ms
 GET /api/escalations 200 in 16ms
 GET /api/escalations 200 in 16ms
 GET /api/escalations 200 in 56ms
 GET /api/runtime/health 200 in 59ms
 GET /api/escalations 200 in 18ms
 GET /api/escalations 200 in 16ms
 GET /api/escalations 200 in 18ms
 GET /api/escalations 200 in 22ms
 GET /api/runtime/health 200 in 51ms
 GET /api/escalations 200 in 17ms
 GET /api/escalations 200 in 17ms
 GET /api/escalations 200 in 18ms
 GET /api/escalations 200 in 19ms
 GET /api/escalations 200 in 49ms
 GET /api/runtime/health 200 in 54ms
 GET /api/escalations 200 in 18ms
 GET /api/escalations 200 in 17ms
 GET /api/escalations 200 in 17ms
 GET /api/escalations 200 in 20ms
 GET /api/escalations 200 in 48ms
 GET /api/runtime/health 200 in 51ms
 GET /api/escalations 200 in 18ms
 GET /api/escalations 200 in 17ms
 GET /api/escalations 200 in 33ms
 GET /api/escalations 200 in 14ms
 GET /api/runtime/health 200 in 37ms
 GET /api/escalations 200 in 12ms
 GET /api/escalations 200 in 12ms
 GET /api/escalations 200 in 11ms
 GET /api/escalations 200 in 34ms
 GET /api/runtime/health 200 in 37ms
 GET /api/escalations 200 in 12ms
 GET /api/escalations 200 in 14ms
 GET /api/escalations 200 in 12ms
 GET /api/escalations 200 in 33ms
 GET /api/runtime/health 200 in 35ms
 GET /api/escalations 200 in 14ms
 GET /api/escalations 200 in 14ms
 GET /api/escalations 200 in 13ms
 GET /api/escalations 200 in 13ms
 GET /api/escalations 200 in 32ms
 GET /api/runtime/health 200 in 34ms
 GET /api/escalations 200 in 10ms
 GET /api/escalations 200 in 14ms
 GET /api/escalations 200 in 11ms
 GET /api/escalations 200 in 12ms
 GET /api/escalations 200 in 37ms
 GET /api/runtime/health 200 in 40ms
 GET /api/escalations 200 in 11ms
 GET /api/escalations 200 in 14ms
 GET /api/escalations 200 in 11ms
 GET /api/escalations 200 in 11ms
 GET /api/escalations 200 in 15ms
 GET /api/runtime/health 200 in 36ms
 GET /api/escalations 200 in 13ms
 GET /api/escalations 200 in 12ms
 GET /api/escalations 200 in 14ms
 GET /api/escalations 200 in 18ms
 GET /api/runtime/health 200 in 40ms
 GET /api/escalations 200 in 14ms
 GET /api/escalations 200 in 11ms
 GET /api/escalations 200 in 17ms
 GET /api/escalations 200 in 35ms
 GET /api/runtime/health 200 in 36ms
 GET /api/escalations 200 in 12ms
 GET /api/escalations 200 in 13ms
 GET /api/escalations 200 in 14ms
 GET /api/escalations 200 in 11ms
 GET /api/escalations 200 in 35ms
 GET /api/runtime/health 200 in 37ms
 GET /api/escalations 200 in 18ms
 GET /api/escalations 200 in 13ms
 GET /api/escalations 200 in 17ms
 GET /api/escalations 200 in 39ms
 GET /api/runtime/health 200 in 43ms
 GET /api/escalations 200 in 13ms
 GET /api/escalations 200 in 13ms
 GET /api/escalations 200 in 12ms
 GET /api/escalations 200 in 13ms
 GET /api/escalations 200 in 35ms
 GET /api/runtime/health 200 in 37ms
 GET /api/escalations 200 in 12ms
 GET /api/escalations 200 in 11ms
 GET /api/escalations 200 in 13ms
 GET /api/escalations 200 in 11ms
 GET /api/escalations 200 in 38ms
 GET /api/runtime/health 200 in 40ms
 GET /api/escalations 200 in 15ms
 GET /api/escalations 200 in 12ms
 GET /api/escalations 200 in 11ms
 GET /api/escalations 200 in 14ms
 GET /api/escalations 200 in 33ms
 GET /api/runtime/health 200 in 36ms
 GET /api/escalations 200 in 12ms
 GET /api/escalations 200 in 11ms
 GET /api/escalations 200 in 14ms
 GET /api/escalations 200 in 10ms
 GET /api/escalations 200 in 32ms
 GET /api/runtime/health 200 in 36ms
 GET /api/escalations 200 in 12ms
 GET /api/escalations 200 in 12ms
 GET /api/escalations 200 in 13ms
 GET /api/escalations 200 in 10ms
 GET /api/escalations 200 in 35ms
 GET /api/runtime/health 200 in 37ms
 GET /api/escalations 200 in 11ms
 GET /api/escalations 200 in 13ms
 GET /api/escalations 200 in 14ms
 GET /api/escalations 200 in 11ms
 GET /api/escalations 200 in 14ms
 GET /api/runtime/health 200 in 40ms
 GET /api/escalations 200 in 11ms
 GET /api/escalations 200 in 10ms
 GET /api/escalations 200 in 10ms
 GET /api/escalations 200 in 14ms
 GET /api/runtime/health 200 in 34ms
 GET /api/escalations 200 in 12ms
 GET /api/escalations 200 in 17ms
 GET /api/escalations 200 in 33ms
 GET /api/runtime/health 200 in 35ms
 GET /api/escalations 200 in 11ms
 GET /api/escalations 200 in 11ms
 GET /api/escalations 200 in 11ms
 GET /api/escalations 200 in 11ms
 GET /api/escalations 200 in 34ms
 GET /api/runtime/health 200 in 35ms
 GET /api/escalations 200 in 15ms
 GET /api/escalations 200 in 12ms
 GET /api/escalations 200 in 11ms
 GET /api/escalations 200 in 12ms
 GET /api/escalations 200 in 34ms
 GET /api/runtime/health 200 in 35ms
 GET /api/escalations 200 in 14ms
 GET /api/escalations 200 in 11ms
 GET /api/escalations 200 in 11ms
 GET /api/escalations 200 in 11ms
 GET /api/escalations 200 in 36ms
 GET /api/runtime/health 200 in 39ms
 GET /api/escalations 200 in 13ms
 GET /api/escalations 200 in 13ms
 GET /api/escalations 200 in 13ms
 GET /api/escalations 200 in 33ms
 GET /api/runtime/health 200 in 35ms
 GET /api/escalations 200 in 11ms
 GET /api/escalations 200 in 11ms
 GET /api/escalations 200 in 12ms
 GET /api/escalations 200 in 18ms
 GET /api/runtime/health 200 in 42ms
 GET /api/escalations 200 in 13ms
 GET /api/escalations 200 in 14ms
 GET /api/escalations 200 in 10ms
 GET /api/escalations 200 in 13ms
 GET /api/escalations 200 in 33ms
 GET /api/runtime/health 200 in 35ms
 GET /api/escalations 200 in 12ms
 GET /api/escalations 200 in 10ms
 GET /api/escalations 200 in 10ms
 GET /api/escalations 200 in 10ms
 GET /api/escalations 200 in 33ms
 GET /api/runtime/health 200 in 35ms
 GET /api/escalations 200 in 10ms
 GET /api/escalations 200 in 12ms
 GET /api/escalations 200 in 10ms
 GET /api/escalations 200 in 17ms
 GET /api/escalations 200 in 32ms
 GET /api/runtime/health 200 in 36ms
 GET /api/escalations 200 in 10ms
 GET /api/escalations 200 in 11ms
 GET /api/escalations 200 in 11ms
 GET /api/escalations 200 in 15ms
 GET /api/runtime/health 200 in 37ms
 GET /api/escalations 200 in 12ms
 GET /api/escalations 200 in 13ms
 GET /api/escalations 200 in 13ms
 GET /api/escalations 200 in 13ms
 GET /api/escalations 200 in 35ms
 GET /api/runtime/health 200 in 37ms
 GET /api/escalations 200 in 14ms
 GET /api/escalations 200 in 11ms
 GET /api/escalations 200 in 10ms
 GET /api/escalations 200 in 15ms
 GET /api/escalations 200 in 34ms
 GET /api/runtime/health 200 in 37ms
 GET /api/escalations 200 in 14ms
 GET /api/escalations 200 in 12ms
 GET /api/escalations 200 in 12ms
 GET /api/escalations 200 in 13ms
 GET /api/runtime/health 200 in 34ms
 GET /api/escalations 200 in 34ms
 GET /api/escalations 200 in 11ms
 GET /api/escalations 200 in 11ms
 GET /api/runtime/health 200 in 29ms
 GET /api/escalations 200 in 12ms
 GET /api/escalations 200 in 11ms
 GET /api/escalations 200 in 12ms
 GET /api/escalations 200 in 10ms
 GET /api/escalations 200 in 14ms
 GET /api/runtime/health 200 in 35ms
 GET /api/escalations 200 in 11ms
 GET /api/escalations 200 in 13ms
 GET /api/escalations 200 in 11ms
 GET /api/escalations 200 in 16ms
 GET /api/escalations 200 in 34ms
 GET /api/runtime/health 200 in 36ms
 GET /api/escalations 200 in 13ms
 GET /api/escalations 200 in 11ms
 GET /api/escalations 200 in 14ms
 GET /api/escalations 200 in 39ms
 GET /api/runtime/health 200 in 40ms
 GET /api/escalations 200 in 13ms
 GET /api/escalations 200 in 14ms
 GET /api/escalations 200 in 14ms
 GET /api/escalations 200 in 39ms
 GET /api/runtime/health 200 in 42ms
 GET /api/escalations 200 in 14ms
 GET /api/escalations 200 in 12ms
 GET /api/escalations 200 in 14ms
 GET /api/escalations 200 in 12ms
 GET /api/escalations 200 in 1497ms
 GET /api/runtime/health 200 in 1498ms
 GET /api/escalations 200 in 14ms
 GET /api/escalations 200 in 14ms
 GET /api/escalations 200 in 13ms
 GET /api/escalations 200 in 12ms
 GET /api/escalations 200 in 37ms
 GET /api/runtime/health 200 in 40ms
 GET /api/escalations 200 in 15ms
 GET /api/escalations 200 in 13ms
 GET /api/escalations 200 in 12ms
 GET /api/escalations 200 in 35ms
 GET /api/runtime/health 200 in 37ms
 GET /api/escalations 200 in 13ms
 GET /api/escalations 200 in 15ms
 GET /api/escalations 200 in 12ms
 GET /api/escalations 200 in 12ms
 GET /api/escalations 200 in 15ms
 GET /api/runtime/health 200 in 34ms
 GET /api/escalations 200 in 12ms
 GET /api/escalations 200 in 12ms
 GET /api/escalations 200 in 18ms
 GET /api/escalations 200 in 55ms
 GET /api/escalations 200 in 43ms
 GET /api/runtime/health 200 in 44ms
 GET /api/escalations 200 in 13ms
 GET /api/escalations 200 in 15ms
 GET /api/escalations 200 in 13ms
 GET /api/escalations 200 in 16ms
 GET /api/runtime/health 200 in 36ms
 GET /api/escalations 200 in 15ms
 GET /api/escalations 200 in 18ms
 GET /api/escalations 200 in 31ms
 GET /api/escalations 200 in 14ms
 GET /api/escalations 200 in 19ms
 GET /api/runtime/health 200 in 42ms
 GET /api/escalations 200 in 15ms
 GET /api/escalations 200 in 14ms
 GET /api/escalations 200 in 15ms
 GET /api/escalations 200 in 42ms
 GET /api/runtime/health 200 in 45ms
 GET /api/escalations 200 in 12ms
 GET /api/escalations 200 in 13ms
 GET /api/escalations 200 in 14ms
 GET /api/escalations 200 in 41ms
 GET /api/runtime/health 200 in 42ms
 GET /api/escalations 200 in 12ms
 GET /api/escalations 200 in 16ms
 GET /api/escalations 200 in 13ms
 GET /api/escalations 200 in 23ms
 GET /api/escalations 200 in 36ms
 GET /api/runtime/health 200 in 38ms
 GET /api/escalations 200 in 16ms
 GET /api/escalations 200 in 12ms
 GET /api/escalations 200 in 14ms
 GET /api/escalations 200 in 17ms
 GET /api/runtime/health 200 in 39ms
 GET /api/escalations 200 in 14ms
 GET /api/escalations 200 in 15ms
 GET /api/escalations 200 in 19ms
 GET /api/escalations 200 in 32ms
 GET /api/runtime/health 200 in 33ms
 GET /api/escalations 200 in 14ms
 GET /api/escalations 200 in 12ms
 GET /api/escalations 200 in 13ms
 GET /api/runtime/health 200 in 27ms
 GET /api/escalations 200 in 12ms
 GET /api/escalations 200 in 15ms
 GET /api/escalations 200 in 15ms
 GET /api/escalations 200 in 12ms
 GET /api/escalations 200 in 38ms
 GET /api/runtime/health 200 in 40ms
 GET /api/escalations 200 in 12ms
 GET /api/escalations 200 in 12ms
 GET /api/escalations 200 in 12ms
 GET /api/escalations 200 in 15ms
 GET /api/escalations 200 in 17ms
 GET /api/runtime/health 200 in 40ms
 GET /api/escalations 200 in 14ms
 GET /api/escalations 200 in 14ms
 GET /api/escalations 200 in 12ms
 GET /api/runtime/health 200 in 30ms
 GET /api/escalations 200 in 13ms
 GET /api/escalations 200 in 12ms
 GET /api/escalations 200 in 13ms
 GET /api/escalations 200 in 13ms
 GET /api/escalations 200 in 46ms
 GET /api/runtime/health 200 in 48ms
 GET /api/escalations 200 in 14ms
 GET /api/escalations 200 in 11ms
 GET /api/escalations 200 in 11ms
 GET /api/escalations 200 in 34ms
 GET /api/runtime/health 200 in 37ms
 GET /api/escalations 200 in 12ms
 GET /api/escalations 200 in 16ms
 GET /api/escalations 200 in 12ms
 GET /api/escalations 200 in 37ms
 GET /api/runtime/health 200 in 38ms
 GET /api/escalations 200 in 13ms
 GET /api/escalations 200 in 12ms
 GET /api/escalations 200 in 13ms
 GET /api/escalations 200 in 14ms
 GET /api/escalations 200 in 46ms
 GET /api/runtime/health 200 in 48ms
 GET /api/escalations 200 in 12ms
 GET /api/escalations 200 in 14ms
 GET /api/escalations 200 in 13ms
 GET /api/escalations 200 in 11ms
 GET /api/escalations 200 in 34ms
 GET /api/runtime/health 200 in 36ms
 GET /api/escalations 200 in 12ms
 GET /api/escalations 200 in 13ms
 GET /api/escalations 200 in 14ms
 GET /api/escalations 200 in 37ms
 GET /api/runtime/health 200 in 39ms
 GET /api/escalations 200 in 11ms
 GET /api/escalations 200 in 12ms
 GET /api/escalations 200 in 13ms
 GET /api/escalations 200 in 13ms
 GET /api/escalations 200 in 38ms
 GET /api/runtime/health 200 in 39ms
 GET /api/escalations 200 in 12ms
 GET /api/escalations 200 in 10ms
 GET /api/escalations 200 in 11ms
 GET /api/escalations 200 in 11ms
 GET /api/escalations 200 in 14ms
 GET /api/runtime/health 200 in 37ms
 GET /api/escalations 200 in 14ms
 GET /api/escalations 200 in 16ms
 GET /api/escalations 200 in 10ms
 GET /api/escalations 200 in 15ms
 GET /api/runtime/health 200 in 37ms
 GET /api/escalations 200 in 15ms
 GET /api/escalations 200 in 16ms
 GET /api/escalations 200 in 10ms
 GET /api/escalations 200 in 35ms
 GET /api/runtime/health 200 in 37ms
 GET /api/escalations 200 in 11ms
 GET /api/escalations 200 in 11ms
 GET /api/escalations 200 in 15ms
 GET /api/escalations 200 in 10ms
 GET /api/escalations 200 in 34ms
 GET /api/runtime/health 200 in 37ms
 GET /api/escalations 200 in 13ms
 GET /api/escalations 200 in 16ms
 GET /api/escalations 200 in 14ms
 GET /api/escalations 200 in 33ms
 GET /api/runtime/health 200 in 35ms
 GET /api/escalations 200 in 14ms
 GET /api/escalations 200 in 14ms
 GET /api/escalations 200 in 36ms
 GET /api/runtime/health 200 in 36ms
 GET /api/escalations 200 in 12ms
 GET /api/escalations 200 in 11ms
 GET /api/escalations 200 in 11ms
 GET /api/escalations 200 in 12ms
 GET /api/escalations 200 in 34ms
 GET /api/runtime/health 200 in 36ms
 GET /api/escalations 200 in 10ms
 GET /api/escalations 200 in 10ms
 GET /api/escalations 200 in 11ms
 GET /api/escalations 200 in 37ms
 GET /api/runtime/health 200 in 40ms
 GET /api/escalations 200 in 11ms
 GET /api/escalations 200 in 12ms
 GET /api/escalations 200 in 11ms
 GET /api/escalations 200 in 10ms
 GET /api/escalations 200 in 35ms
 GET /api/runtime/health 200 in 36ms
 GET /api/escalations 200 in 11ms
 GET /api/escalations 200 in 11ms
 GET /api/escalations 200 in 11ms
 GET /api/escalations 200 in 13ms
 GET /api/runtime/health 200 in 27ms
 GET /api/escalations 200 in 12ms
 GET /api/escalations 200 in 11ms
 GET /api/escalations 200 in 11ms
 GET /api/escalations 200 in 14ms
 GET /api/runtime/health 200 in 32ms
 GET /api/escalations 200 in 12ms
 GET /api/escalations 200 in 10ms
 GET /api/escalations 200 in 13ms
 GET /api/escalations 200 in 11ms
 GET /api/runtime/health 200 in 27ms
 GET /api/escalations 200 in 12ms
 GET /api/escalations 200 in 12ms
 GET /api/escalations 200 in 14ms
 GET /api/escalations 200 in 12ms
 GET /api/escalations 200 in 36ms
 GET /api/runtime/health 200 in 38ms
 GET /api/escalations 200 in 15ms
 GET /api/escalations 200 in 11ms
 GET /api/escalations 200 in 12ms
 GET /api/escalations 200 in 11ms
 GET /api/escalations 200 in 36ms
 GET /api/runtime/health 200 in 39ms
 GET /api/escalations 200 in 13ms
 GET /api/escalations 200 in 13ms
 GET /api/escalations 200 in 11ms
 GET /api/escalations 200 in 14ms
 GET /api/escalations 200 in 36ms
 GET /api/runtime/health 200 in 38ms
 GET /api/escalations 200 in 40ms
 GET /api/escalations 200 in 13ms
 GET /api/escalations 200 in 10ms
 GET /api/escalations 200 in 33ms
 GET /api/runtime/health 200 in 37ms
 GET /api/escalations 200 in 14ms
 GET /api/escalations 200 in 14ms
 GET /api/escalations 200 in 14ms
 GET /api/escalations 200 in 12ms
 GET /api/escalations 200 in 36ms
 GET /api/runtime/health 200 in 39ms
 GET /api/escalations 200 in 14ms
 GET /api/escalations 200 in 12ms
 GET /api/escalations 200 in 17ms
 GET /api/escalations 200 in 36ms
 GET /api/runtime/health 200 in 38ms
 GET /api/escalations 200 in 12ms
 GET /api/escalations 200 in 11ms
 GET /api/escalations 200 in 12ms
 GET /api/escalations 200 in 36ms
 GET /api/runtime/health 200 in 39ms
 GET /api/escalations 200 in 11ms
 GET /api/escalations 200 in 11ms
 GET /api/escalations 200 in 13ms
 GET /api/escalations 200 in 11ms
 GET /api/escalations 200 in 36ms
 GET /api/runtime/health 200 in 38ms
 GET /api/escalations 200 in 12ms
 GET /api/escalations 200 in 31ms
 GET /api/escalations 200 in 13ms
 GET /api/escalations 200 in 25ms
 GET /api/runtime/health 200 in 47ms
 GET /api/escalations 200 in 17ms
 GET /api/escalations 200 in 12ms
 GET /api/escalations 200 in 11ms
 GET /api/escalations 200 in 38ms
 GET /api/runtime/health 200 in 40ms
 GET /api/escalations 200 in 15ms
 GET /api/escalations 200 in 15ms
 GET /api/escalations 200 in 15ms
 GET /api/escalations 200 in 13ms
 GET /api/escalations 200 in 14ms
 GET /api/runtime/health 200 in 36ms
 GET /api/escalations 200 in 13ms
 GET /api/escalations 200 in 12ms
 GET /api/escalations 200 in 11ms
 GET /api/escalations 200 in 34ms
 GET /api/runtime/health 200 in 37ms
 GET /api/escalations 200 in 12ms
 GET /api/escalations 200 in 12ms
 GET /api/escalations 200 in 11ms
 GET /api/escalations 200 in 15ms
 GET /api/runtime/health 200 in 37ms
 GET /api/escalations 200 in 13ms
 GET /api/escalations 200 in 14ms
 GET /api/escalations 200 in 14ms
 GET /api/runtime/health 200 in 29ms
 GET /api/escalations 200 in 13ms
 GET /api/escalations 200 in 11ms
 GET /api/escalations 200 in 13ms
 GET /api/escalations 200 in 14ms
 GET /api/escalations 200 in 36ms
 GET /api/runtime/health 200 in 39ms
 GET /api/escalations 200 in 12ms
 GET /api/escalations 200 in 14ms
 GET /api/escalations 200 in 13ms
 GET /api/escalations 200 in 34ms
 GET /api/runtime/health 200 in 36ms
 GET /api/escalations 200 in 13ms
 GET /api/escalations 200 in 13ms
 GET /api/escalations 200 in 12ms
 GET /api/escalations 200 in 13ms
 GET /api/escalations 200 in 16ms
 GET /api/runtime/health 200 in 41ms
 GET /api/escalations 200 in 11ms
 GET /api/escalations 200 in 14ms
 GET /api/escalations 200 in 15ms
 GET /api/escalations 200 in 12ms
 GET /api/escalations 200 in 35ms
 GET /api/runtime/health 200 in 36ms
 GET /api/escalations 200 in 12ms
 GET /api/escalations 200 in 16ms
 GET /api/escalations 200 in 13ms
 GET /api/escalations 200 in 37ms
 GET /api/runtime/health 200 in 39ms
 GET /api/escalations 200 in 12ms
 GET /api/escalations 200 in 11ms
 GET /api/escalations 200 in 13ms
 GET /api/escalations 200 in 12ms
 GET /api/escalations 200 in 33ms
 GET /api/runtime/health 200 in 36ms
 GET /api/escalations 200 in 13ms
 GET /api/escalations 200 in 12ms
 GET /api/escalations 200 in 11ms
 GET /api/escalations 200 in 11ms
 GET /api/escalations 200 in 35ms
 GET /api/runtime/health 200 in 38ms
 GET /api/escalations 200 in 13ms
 GET /api/escalations 200 in 12ms
 GET /api/escalations 200 in 38ms
 GET /api/runtime/health 200 in 39ms
 GET /api/escalations 200 in 13ms
 GET /api/escalations 200 in 12ms
 GET /api/escalations 200 in 11ms
 GET /api/escalations 200 in 16ms
 GET /api/runtime/health 200 in 37ms
 GET /api/escalations 200 in 14ms
 GET /api/escalations 200 in 12ms
 GET /api/escalations 200 in 11ms
 GET /api/escalations 200 in 37ms
 GET /api/runtime/health 200 in 39ms
 GET /api/escalations 200 in 11ms
 GET /api/escalations 200 in 11ms
 GET /api/escalations 200 in 11ms
 GET /api/escalations 200 in 12ms
 GET /api/escalations 200 in 32ms
 GET /api/runtime/health 200 in 34ms
 GET /api/escalations 200 in 11ms
 GET /api/escalations 200 in 12ms
 GET /api/escalations 200 in 12ms
 GET /api/escalations 200 in 16ms
 GET /api/runtime/health 200 in 27ms
 GET /api/escalations 200 in 12ms
 GET /api/escalations 200 in 10ms
 GET /api/escalations 200 in 11ms
 GET /api/escalations 200 in 11ms
 GET /api/escalations 200 in 37ms
 GET /api/runtime/health 200 in 40ms
 GET /api/escalations 200 in 13ms
 GET /api/escalations 200 in 11ms
 GET /api/escalations 200 in 11ms
 GET /api/escalations 200 in 37ms
 GET /api/runtime/health 200 in 40ms
 GET /api/escalations 200 in 11ms
 GET /api/escalations 200 in 11ms
 GET /api/escalations 200 in 14ms
 GET /api/escalations 200 in 38ms
 GET /api/runtime/health 200 in 40ms
 GET /api/escalations 200 in 12ms
 GET /api/escalations 200 in 13ms
 GET /api/escalations 200 in 11ms
 GET /api/escalations 200 in 34ms
 GET /api/runtime/health 200 in 37ms
 GET /api/escalations 200 in 18ms
 GET /api/escalations 200 in 13ms
 GET /api/escalations 200 in 10ms
 GET /api/escalations 200 in 11ms
 GET /api/escalations 200 in 34ms
 GET /api/runtime/health 200 in 36ms
 GET /api/escalations 200 in 10ms
 GET /api/escalations 200 in 11ms
 GET /api/escalations 200 in 12ms
 GET /api/escalations 200 in 11ms
 GET /api/escalations 200 in 32ms
 GET /api/runtime/health 200 in 35ms
 GET /api/escalations 200 in 11ms
 GET /api/escalations 200 in 12ms
 GET /api/escalations 200 in 13ms
 GET /api/escalations 200 in 12ms
 GET /api/escalations 200 in 34ms
 GET /api/runtime/health 200 in 36ms
 GET /api/escalations 200 in 14ms
 GET /api/escalations 200 in 12ms
 GET /api/escalations 200 in 11ms
 GET /api/escalations 200 in 11ms
 GET /api/escalations 200 in 14ms
 GET /api/runtime/health 200 in 34ms
 GET /api/escalations 200 in 12ms
 GET /api/escalations 200 in 12ms
 GET /api/escalations 200 in 11ms
